transaction_id,user_id,timestamp,amount,currency,merchant_category,merchant_id,country,city,ip_address,device_id,is_card_present,login_success,payee_id,profile_updated
1,52,2024-01-01 00:00:00,176.78,USD,Jewelry,1060,US,New York,10.0.0.1,10081,TRUE,TRUE,5005,FALSE
2,93,2024-01-01 00:01:00,273.64,USD,Grocery,1042,US,Toronto,8.8.8.8,10040,TRUE,TRUE,5088,FALSE
3,15,2024-01-01 00:02:00,113.01,USD,Jewelry,1024,US,Los Angeles,8.8.8.8,10047,TRUE,TRUE,5014,FALSE
4,72,2024-01-01 00:03:00,27.3,INR,Grocery,1019,NG,Singapore,10.0.0.1,10044,TRUE,TRUE,5003,FALSE
5,61,2024-01-01 00:04:00,66.75,USD,Dining,1047,US,New York,10.0.0.1,10024,TRUE,TRUE,5055,FALSE
6,21,2024-01-01 00:05:00,90.22,USD,Electronics,1082,CA,Singapore,172.16.0.5,10077,FALSE,TRUE,5063,FALSE
7,83,2024-01-01 00:06:00,207.64,USD,Dining,1086,CA,Singapore,192.168.1.1,10024,FALSE,TRUE,5067,FALSE
8,87,2024-01-01 00:07:00,169.16,USD,Dining,1023,US,Los Angeles,172.16.0.5,10018,TRUE,TRUE,5093,TRUE
9,75,2024-01-01 00:08:00,88.04,USD,Jewelry,1010,CA,Toronto,10.0.0.1,10038,TRUE,TRUE,5033,FALSE
10,75,2024-01-01 00:09:00,861.24,USD,Electronics,1097,US,Los Angeles,172.16.0.5,10078,FALSE,TRUE,5090,FALSE
11,88,2024-01-01 00:10:00,186.17,INR,Grocery,1054,US,Moscow,10.0.0.1,10079,FALSE,TRUE,5094,FALSE
12,100,2024-01-01 00:11:00,54.16,USD,Grocery,1027,CA,New York,172.16.0.5,10026,TRUE,TRUE,5055,TRUE
13,24,2024-01-01 00:12:00,21.47,INR,Travel,1068,US,Singapore,172.16.0.5,10073,TRUE,TRUE,5031,TRUE
14,3,2024-01-01 00:13:00,33.18,EUR,Grocery,1062,RU,Los Angeles,8.8.8.8,10062,TRUE,TRUE,5008,FALSE
15,22,2024-01-01 00:14:00,56.46,USD,Jewelry,1058,US,Los Angeles,10.0.0.1,10067,TRUE,TRUE,5062,FALSE
16,53,2024-01-01 00:15:00,35.03,INR,Dining,1004,US,Los Angeles,172.16.0.5,10018,TRUE,TRUE,5071,FALSE
17,2,2024-01-01 00:16:00,41.3,USD,Dining,1050,US,New York,192.168.1.1,10027,TRUE,TRUE,5077,FALSE
18,88,2024-01-01 00:17:00,67.12,EUR,Dining,1020,US,Toronto,172.16.0.5,10084,TRUE,TRUE,5032,TRUE
19,30,2024-01-01 00:18:00,38.08,USD,Electronics,1011,US,Los Angeles,172.16.0.5,10077,TRUE,TRUE,5086,FALSE
20,38,2024-01-01 00:19:00,454.15,EUR,Grocery,1049,CA,New York,192.168.1.1,10032,TRUE,FALSE,5020,FALSE
21,2,2024-01-01 00:20:00,16.73,EUR,Jewelry,1003,SG,Singapore,10.0.0.1,10009,TRUE,TRUE,5054,FALSE
22,64,2024-01-01 00:21:00,148.68,EUR,Electronics,1041,SG,Moscow,8.8.8.8,10082,FALSE,TRUE,5075,FALSE
23,60,2024-01-01 00:22:00,105.66,EUR,Travel,1083,US,Lagos,8.8.8.8,10029,FALSE,TRUE,5056,TRUE
24,21,2024-01-01 00:23:00,807.73,USD,Jewelry,1037,SG,New York,8.8.8.8,10021,TRUE,TRUE,5001,FALSE
25,33,2024-01-01 00:24:00,23.77,USD,Jewelry,1024,CA,Lagos,192.168.1.1,10002,TRUE,TRUE,5012,FALSE
26,76,2024-01-01 00:25:00,101.45,USD,Jewelry,1013,CA,Los Angeles,172.16.0.5,10081,FALSE,TRUE,5003,FALSE
27,58,2024-01-01 00:26:00,697.81,USD,Dining,1074,US,Los Angeles,10.0.0.1,10074,TRUE,TRUE,5083,FALSE
28,22,2024-01-01 00:27:00,401.25,USD,Jewelry,1031,CA,New York,172.16.0.5,10047,TRUE,TRUE,5049,FALSE
29,89,2024-01-01 00:28:00,339.73,USD,Grocery,1010,SG,Lagos,8.8.8.8,10001,TRUE,TRUE,5047,FALSE
30,49,2024-01-01 00:29:00,59.66,INR,Jewelry,1060,US,Los Angeles,172.16.0.5,10075,TRUE,TRUE,5077,FALSE
31,91,2024-01-01 00:30:00,37.48,USD,Dining,1017,SG,Singapore,192.168.1.1,10053,TRUE,TRUE,5029,FALSE
32,59,2024-01-01 00:31:00,220.91,EUR,Jewelry,1026,US,Toronto,192.168.1.1,10005,FALSE,TRUE,5028,FALSE
33,42,2024-01-01 00:32:00,530.08,USD,Travel,1054,US,Toronto,10.0.0.1,10039,TRUE,TRUE,5007,FALSE
34,92,2024-01-01 00:33:00,162.73,EUR,Travel,1053,US,Los Angeles,10.0.0.1,10092,TRUE,TRUE,5011,FALSE
35,60,2024-01-01 00:34:00,169.55,INR,Dining,1081,US,Lagos,8.8.8.8,10093,FALSE,TRUE,5040,FALSE
36,80,2024-01-01 00:35:00,65.7,USD,Grocery,1086,US,Moscow,10.0.0.1,10001,TRUE,TRUE,5025,FALSE
37,15,2024-01-01 00:36:00,293.49,USD,Grocery,1074,SG,Los Angeles,172.16.0.5,10072,TRUE,TRUE,5049,FALSE
38,62,2024-01-01 00:37:00,41.42,EUR,Electronics,1020,US,Moscow,192.168.1.1,10001,TRUE,TRUE,5001,FALSE
39,62,2024-01-01 00:38:00,78.22,USD,Dining,1043,SG,Moscow,192.168.1.1,10092,TRUE,TRUE,5054,TRUE
40,47,2024-01-01 00:39:00,110.83,USD,Jewelry,1004,NG,Lagos,192.168.1.1,10096,TRUE,TRUE,5055,FALSE
41,62,2024-01-01 00:40:00,141.7,USD,Dining,1086,US,Moscow,10.0.0.1,10073,TRUE,TRUE,5013,FALSE
42,51,2024-01-01 00:41:00,55.52,USD,Electronics,1040,NG,Singapore,192.168.1.1,10097,TRUE,TRUE,5005,FALSE
43,55,2024-01-01 00:42:00,24.4,USD,Dining,1058,RU,Lagos,192.168.1.1,10054,TRUE,TRUE,5094,FALSE
44,64,2024-01-01 00:43:00,188.64,USD,Dining,1088,CA,Los Angeles,192.168.1.1,10071,TRUE,TRUE,5080,FALSE
45,3,2024-01-01 00:44:00,68.11,USD,Electronics,1053,SG,Singapore,8.8.8.8,10059,TRUE,TRUE,5088,FALSE
46,51,2024-01-01 00:45:00,174.09,USD,Grocery,1073,RU,New York,8.8.8.8,10096,TRUE,TRUE,5060,FALSE
47,7,2024-01-01 00:46:00,33.53,INR,Jewelry,1021,CA,Toronto,10.0.0.1,10005,TRUE,TRUE,5095,FALSE
48,21,2024-01-01 00:47:00,131.22,USD,Electronics,1082,US,Los Angeles,192.168.1.1,10018,TRUE,TRUE,5011,FALSE
49,73,2024-01-01 00:48:00,152.11,INR,Travel,1064,SG,Los Angeles,10.0.0.1,10095,FALSE,TRUE,5012,FALSE
50,39,2024-01-01 00:49:00,10.64,USD,Grocery,1063,CA,Los Angeles,192.168.1.1,10026,TRUE,TRUE,5018,FALSE
51,18,2024-01-01 00:50:00,82.08,USD,Travel,1070,US,Singapore,192.168.1.1,10000,TRUE,TRUE,5043,FALSE
52,4,2024-01-01 00:51:00,28.87,USD,Grocery,1003,US,New York,192.168.1.1,10032,FALSE,TRUE,5088,FALSE
53,89,2024-01-01 00:52:00,13.09,USD,Jewelry,1064,SG,Lagos,10.0.0.1,10039,TRUE,TRUE,5094,FALSE
54,60,2024-01-01 00:53:00,920.24,USD,Jewelry,1014,US,New York,10.0.0.1,10031,TRUE,TRUE,5058,FALSE
55,14,2024-01-01 00:54:00,77.83,USD,Dining,1075,NG,Singapore,192.168.1.1,10068,FALSE,TRUE,5036,FALSE
56,9,2024-01-01 00:55:00,332.01,USD,Travel,1021,US,Los Angeles,172.16.0.5,10016,FALSE,TRUE,5024,TRUE
57,90,2024-01-01 00:56:00,58.78,USD,Grocery,1085,US,Toronto,10.0.0.1,10007,TRUE,TRUE,5015,FALSE
58,53,2024-01-01 00:57:00,228.83,USD,Jewelry,1046,US,Los Angeles,8.8.8.8,10056,TRUE,TRUE,5037,FALSE
59,2,2024-01-01 00:58:00,285.61,USD,Electronics,1080,US,Lagos,10.0.0.1,10041,TRUE,TRUE,5042,TRUE
60,84,2024-01-01 00:59:00,181.09,USD,Jewelry,1092,CA,Moscow,192.168.1.1,10097,FALSE,TRUE,5086,FALSE
61,92,2024-01-01 01:00:00,127.57,EUR,Electronics,1045,NG,Toronto,172.16.0.5,10008,TRUE,TRUE,5013,FALSE
62,60,2024-01-01 01:01:00,106.15,USD,Grocery,1013,SG,Los Angeles,192.168.1.1,10086,TRUE,TRUE,5005,FALSE
63,71,2024-01-01 01:02:00,85.81,USD,Jewelry,1049,US,Toronto,8.8.8.8,10034,FALSE,TRUE,5088,FALSE
64,44,2024-01-01 01:03:00,530.51,INR,Jewelry,1019,US,Moscow,10.0.0.1,10070,TRUE,TRUE,5022,FALSE
65,8,2024-01-01 01:04:00,355.12,USD,Grocery,1049,SG,New York,10.0.0.1,10078,FALSE,FALSE,5059,FALSE
66,47,2024-01-01 01:05:00,670.64,USD,Jewelry,1032,NG,Singapore,192.168.1.1,10052,TRUE,TRUE,5011,FALSE
67,35,2024-01-01 01:06:00,26.55,INR,Electronics,1058,US,Los Angeles,192.168.1.1,10053,TRUE,TRUE,5012,FALSE
68,78,2024-01-01 01:07:00,262.51,USD,Jewelry,1042,US,Lagos,8.8.8.8,10083,TRUE,TRUE,5099,FALSE
69,81,2024-01-01 01:08:00,557.23,USD,Travel,1078,US,New York,172.16.0.5,10024,FALSE,TRUE,5097,FALSE
70,36,2024-01-01 01:09:00,39.99,USD,Dining,1011,NG,Los Angeles,8.8.8.8,10066,TRUE,TRUE,5005,TRUE
71,50,2024-01-01 01:10:00,13.76,USD,Electronics,1039,CA,New York,172.16.0.5,10061,TRUE,TRUE,5062,TRUE
72,4,2024-01-01 01:11:00,270.28,USD,Travel,1019,US,Lagos,10.0.0.1,10054,TRUE,TRUE,5037,FALSE
73,2,2024-01-01 01:12:00,170.89,USD,Grocery,1093,US,Los Angeles,172.16.0.5,10045,FALSE,TRUE,5049,FALSE
74,6,2024-01-01 01:13:00,368.82,USD,Electronics,1037,NG,Moscow,172.16.0.5,10023,FALSE,TRUE,5051,FALSE
75,54,2024-01-01 01:14:00,30.11,USD,Dining,1002,US,Moscow,10.0.0.1,10097,TRUE,TRUE,5039,FALSE
76,4,2024-01-01 01:15:00,317.21,INR,Dining,1027,US,Lagos,10.0.0.1,10045,TRUE,TRUE,5007,FALSE
77,54,2024-01-01 01:16:00,45.04,EUR,Grocery,1055,US,Toronto,10.0.0.1,10021,FALSE,TRUE,5060,FALSE
78,93,2024-01-01 01:17:00,35.74,USD,Grocery,1089,US,Lagos,8.8.8.8,10010,TRUE,TRUE,5007,FALSE
79,63,2024-01-01 01:18:00,35.89,USD,Electronics,1093,US,Toronto,10.0.0.1,10047,TRUE,TRUE,5096,FALSE
80,18,2024-01-01 01:19:00,337.02,USD,Jewelry,1012,SG,Los Angeles,192.168.1.1,10007,TRUE,TRUE,5033,TRUE
81,90,2024-01-01 01:20:00,218.84,USD,Grocery,1076,NG,Toronto,10.0.0.1,10038,FALSE,TRUE,5078,FALSE
82,44,2024-01-01 01:21:00,148.08,USD,Jewelry,1065,SG,Los Angeles,10.0.0.1,10034,TRUE,TRUE,5099,FALSE
83,34,2024-01-01 01:22:00,88.89,USD,Travel,1036,NG,Los Angeles,10.0.0.1,10048,TRUE,TRUE,5059,FALSE
84,74,2024-01-01 01:23:00,419.44,EUR,Dining,1048,US,Singapore,172.16.0.5,10045,TRUE,TRUE,5056,FALSE
85,62,2024-01-01 01:24:00,99.66,USD,Jewelry,1065,SG,Los Angeles,8.8.8.8,10037,TRUE,FALSE,5098,FALSE
86,100,2024-01-01 01:25:00,339.22,USD,Dining,1035,US,Toronto,10.0.0.1,10007,TRUE,TRUE,5045,FALSE
87,14,2024-01-01 01:26:00,115.65,USD,Jewelry,1053,CA,Singapore,8.8.8.8,10053,TRUE,TRUE,5021,FALSE
88,95,2024-01-01 01:27:00,94.62,USD,Travel,1025,RU,Singapore,192.168.1.1,10036,TRUE,TRUE,5086,FALSE
89,48,2024-01-01 01:28:00,124.23,EUR,Grocery,1074,US,Los Angeles,192.168.1.1,10090,TRUE,TRUE,5039,FALSE
90,15,2024-01-01 01:29:00,71.73,EUR,Travel,1071,US,Lagos,10.0.0.1,10091,TRUE,TRUE,5044,FALSE
91,72,2024-01-01 01:30:00,275.36,EUR,Grocery,1039,US,Lagos,192.168.1.1,10039,FALSE,TRUE,5054,FALSE
92,78,2024-01-01 01:31:00,139.72,USD,Grocery,1042,US,Moscow,8.8.8.8,10033,FALSE,TRUE,5050,FALSE
93,87,2024-01-01 01:32:00,52.85,USD,Dining,1021,US,Singapore,172.16.0.5,10095,FALSE,TRUE,5085,FALSE
94,62,2024-01-01 01:33:00,459.67,USD,Travel,1019,SG,Los Angeles,10.0.0.1,10078,TRUE,TRUE,5004,FALSE
95,40,2024-01-01 01:34:00,96.87,USD,Jewelry,1007,RU,Lagos,192.168.1.1,10016,TRUE,TRUE,5094,FALSE
96,85,2024-01-01 01:35:00,156.86,USD,Travel,1028,US,Los Angeles,8.8.8.8,10032,TRUE,TRUE,5012,FALSE
97,80,2024-01-01 01:36:00,473.9,EUR,Dining,1039,US,Los Angeles,8.8.8.8,10046,FALSE,TRUE,5027,FALSE
98,82,2024-01-01 01:37:00,195.76,USD,Grocery,1089,US,Singapore,192.168.1.1,10051,FALSE,TRUE,5083,FALSE
99,53,2024-01-01 01:38:00,24.86,USD,Dining,1029,NG,Moscow,8.8.8.8,10079,FALSE,TRUE,5096,FALSE
100,24,2024-01-01 01:39:00,562.12,USD,Electronics,1080,US,Singapore,8.8.8.8,10092,TRUE,TRUE,5079,FALSE
101,26,2024-01-01 01:40:00,197.62,USD,Electronics,1083,US,New York,10.0.0.1,10008,TRUE,TRUE,5061,FALSE
102,89,2024-01-01 01:41:00,81.57,USD,Jewelry,1054,US,Lagos,8.8.8.8,10032,TRUE,TRUE,5092,FALSE
103,60,2024-01-01 01:42:00,30,INR,Dining,1015,US,Lagos,192.168.1.1,10059,TRUE,TRUE,5086,FALSE
104,41,2024-01-01 01:43:00,316,EUR,Jewelry,1045,US,Lagos,10.0.0.1,10092,TRUE,TRUE,5023,FALSE
105,29,2024-01-01 01:44:00,193.56,INR,Jewelry,1061,NG,Toronto,192.168.1.1,10076,FALSE,TRUE,5097,FALSE
106,15,2024-01-01 01:45:00,152.48,USD,Electronics,1006,US,Los Angeles,172.16.0.5,10020,TRUE,TRUE,5006,FALSE
107,45,2024-01-01 01:46:00,448.66,USD,Jewelry,1079,CA,Singapore,192.168.1.1,10057,TRUE,TRUE,5037,FALSE
108,65,2024-01-01 01:47:00,310.8,USD,Electronics,1044,US,Lagos,192.168.1.1,10084,TRUE,TRUE,5036,FALSE
109,89,2024-01-01 01:48:00,32.9,USD,Grocery,1058,CA,New York,10.0.0.1,10068,FALSE,TRUE,5067,FALSE
110,71,2024-01-01 01:49:00,74.71,EUR,Dining,1055,CA,Lagos,8.8.8.8,10009,TRUE,TRUE,5097,FALSE
111,9,2024-01-01 01:50:00,57.13,USD,Jewelry,1047,US,Moscow,192.168.1.1,10005,TRUE,TRUE,5041,FALSE
112,88,2024-01-01 01:51:00,272.47,USD,Electronics,1026,US,Los Angeles,10.0.0.1,10012,FALSE,TRUE,5085,FALSE
113,1,2024-01-01 01:52:00,6.82,USD,Travel,1052,US,Los Angeles,172.16.0.5,10064,TRUE,TRUE,5004,FALSE
114,8,2024-01-01 01:53:00,168.74,USD,Jewelry,1086,SG,Singapore,10.0.0.1,10019,TRUE,TRUE,5063,FALSE
115,88,2024-01-01 01:54:00,287.48,EUR,Grocery,1087,US,Toronto,10.0.0.1,10056,TRUE,TRUE,5049,FALSE
116,63,2024-01-01 01:55:00,418.73,USD,Grocery,1072,RU,Singapore,8.8.8.8,10045,TRUE,TRUE,5086,TRUE
117,11,2024-01-01 01:56:00,83.73,USD,Travel,1034,US,Lagos,192.168.1.1,10007,FALSE,TRUE,5014,FALSE
118,81,2024-01-01 01:57:00,344.36,USD,Electronics,1050,SG,Moscow,172.16.0.5,10009,FALSE,TRUE,5094,FALSE
119,8,2024-01-01 01:58:00,23.45,USD,Jewelry,1083,CA,New York,10.0.0.1,10072,TRUE,TRUE,5072,FALSE
120,35,2024-01-01 01:59:00,374.75,EUR,Electronics,1036,SG,Singapore,192.168.1.1,10066,TRUE,TRUE,5052,FALSE
121,35,2024-01-01 02:00:00,27.28,EUR,Grocery,1080,US,Toronto,192.168.1.1,10010,TRUE,TRUE,5024,FALSE
122,33,2024-01-01 02:01:00,101.26,INR,Electronics,1094,US,Singapore,10.0.0.1,10011,TRUE,TRUE,5088,FALSE
123,5,2024-01-01 02:02:00,319.2,EUR,Grocery,1056,SG,Los Angeles,192.168.1.1,10009,TRUE,TRUE,5084,FALSE
124,41,2024-01-01 02:03:00,32.48,USD,Electronics,1007,US,Lagos,10.0.0.1,10024,TRUE,TRUE,5008,FALSE
125,28,2024-01-01 02:04:00,52.08,USD,Travel,1078,US,Lagos,10.0.0.1,10048,TRUE,TRUE,5037,FALSE
126,7,2024-01-01 02:05:00,256.21,USD,Dining,1094,US,Lagos,10.0.0.1,10048,FALSE,TRUE,5021,FALSE
127,73,2024-01-01 02:06:00,254.62,USD,Travel,1093,US,Lagos,172.16.0.5,10088,TRUE,TRUE,5086,FALSE
128,72,2024-01-01 02:07:00,204.97,EUR,Travel,1019,US,Lagos,10.0.0.1,10010,TRUE,TRUE,5048,FALSE
129,12,2024-01-01 02:08:00,236.8,USD,Dining,1052,US,Lagos,8.8.8.8,10061,TRUE,TRUE,5067,FALSE
130,34,2024-01-01 02:09:00,156.49,INR,Dining,1011,US,New York,192.168.1.1,10035,FALSE,TRUE,5092,FALSE
131,33,2024-01-01 02:10:00,58.02,USD,Jewelry,1048,SG,Toronto,172.16.0.5,10038,TRUE,TRUE,5014,FALSE
132,48,2024-01-01 02:11:00,84.84,USD,Jewelry,1016,CA,Lagos,192.168.1.1,10052,TRUE,TRUE,5064,FALSE
133,23,2024-01-01 02:12:00,40.08,USD,Travel,1063,SG,Toronto,172.16.0.5,10089,TRUE,TRUE,5053,FALSE
134,62,2024-01-01 02:13:00,478.18,EUR,Travel,1041,RU,Moscow,8.8.8.8,10077,FALSE,TRUE,5029,FALSE
135,88,2024-01-01 02:14:00,175.12,USD,Grocery,1093,US,Lagos,172.16.0.5,10055,TRUE,TRUE,5092,FALSE
136,37,2024-01-01 02:15:00,102.45,USD,Grocery,1028,US,Singapore,172.16.0.5,10000,FALSE,TRUE,5019,FALSE
137,99,2024-01-01 02:16:00,123.98,USD,Jewelry,1018,US,Lagos,172.16.0.5,10055,FALSE,TRUE,5032,FALSE
138,44,2024-01-01 02:17:00,588.56,USD,Jewelry,1010,US,Los Angeles,192.168.1.1,10003,FALSE,TRUE,5099,FALSE
139,86,2024-01-01 02:18:00,33.29,USD,Grocery,1097,NG,New York,10.0.0.1,10029,TRUE,TRUE,5085,TRUE
140,91,2024-01-01 02:19:00,176.49,EUR,Grocery,1049,US,Singapore,192.168.1.1,10011,TRUE,TRUE,5076,FALSE
141,35,2024-01-01 02:20:00,141,USD,Electronics,1070,US,Singapore,10.0.0.1,10034,TRUE,TRUE,5006,FALSE
142,65,2024-01-01 02:21:00,189.07,USD,Electronics,1057,US,Los Angeles,192.168.1.1,10076,FALSE,TRUE,5007,FALSE
143,99,2024-01-01 02:22:00,3.66,USD,Grocery,1033,US,Lagos,8.8.8.8,10051,TRUE,TRUE,5027,FALSE
144,47,2024-01-01 02:23:00,411.34,USD,Electronics,1019,CA,New York,8.8.8.8,10030,TRUE,TRUE,5044,FALSE
145,78,2024-01-01 02:24:00,538,EUR,Dining,1049,US,Singapore,172.16.0.5,10086,TRUE,TRUE,5072,FALSE
146,3,2024-01-01 02:25:00,166.54,USD,Jewelry,1087,RU,New York,8.8.8.8,10067,TRUE,TRUE,5088,FALSE
147,1,2024-01-01 02:26:00,238.57,USD,Jewelry,1009,US,Singapore,172.16.0.5,10051,TRUE,TRUE,5079,FALSE
148,5,2024-01-01 02:27:00,511.49,USD,Grocery,1031,US,Lagos,10.0.0.1,10079,TRUE,TRUE,5073,FALSE
149,90,2024-01-01 02:28:00,245.68,INR,Travel,1051,NG,Moscow,8.8.8.8,10006,TRUE,TRUE,5010,FALSE
150,14,2024-01-01 02:29:00,33.1,EUR,Grocery,1014,US,Singapore,10.0.0.1,10021,FALSE,TRUE,5030,FALSE
151,27,2024-01-01 02:30:00,171.74,USD,Electronics,1083,NG,Moscow,192.168.1.1,10092,TRUE,TRUE,5011,FALSE
152,9,2024-01-01 02:31:00,186.64,USD,Travel,1002,RU,Singapore,10.0.0.1,10074,TRUE,TRUE,5094,FALSE
153,79,2024-01-01 02:32:00,110.37,USD,Electronics,1036,CA,Toronto,192.168.1.1,10055,TRUE,TRUE,5077,FALSE
154,15,2024-01-01 02:33:00,266.7,EUR,Dining,1039,SG,Lagos,10.0.0.1,10096,TRUE,FALSE,5050,FALSE
155,90,2024-01-01 02:34:00,544.74,USD,Electronics,1071,US,Los Angeles,10.0.0.1,10057,FALSE,FALSE,5043,TRUE
156,42,2024-01-01 02:35:00,519.58,USD,Dining,1039,NG,Moscow,8.8.8.8,10092,TRUE,TRUE,5095,FALSE
157,77,2024-01-01 02:36:00,119.87,USD,Dining,1055,US,Los Angeles,10.0.0.1,10063,TRUE,TRUE,5049,TRUE
158,51,2024-01-01 02:37:00,24.04,USD,Electronics,1022,CA,Lagos,8.8.8.8,10011,TRUE,TRUE,5016,FALSE
159,63,2024-01-01 02:38:00,837.83,USD,Electronics,1010,NG,Los Angeles,8.8.8.8,10006,FALSE,TRUE,5034,FALSE
160,96,2024-01-01 02:39:00,365.14,EUR,Dining,1063,RU,Lagos,172.16.0.5,10054,TRUE,TRUE,5000,FALSE
161,52,2024-01-01 02:40:00,26.63,USD,Travel,1007,SG,Los Angeles,172.16.0.5,10061,FALSE,TRUE,5028,FALSE
162,96,2024-01-01 02:41:00,507.26,USD,Dining,1092,US,Moscow,192.168.1.1,10089,TRUE,TRUE,5050,TRUE
163,4,2024-01-01 02:42:00,407.88,USD,Jewelry,1093,RU,Toronto,10.0.0.1,10072,TRUE,TRUE,5063,FALSE
164,94,2024-01-01 02:43:00,146.31,INR,Dining,1055,CA,Los Angeles,192.168.1.1,10097,TRUE,TRUE,5003,FALSE
165,23,2024-01-01 02:44:00,178.94,USD,Travel,1059,NG,Moscow,10.0.0.1,10076,FALSE,TRUE,5086,FALSE
166,15,2024-01-01 02:45:00,101.83,EUR,Jewelry,1009,CA,Singapore,172.16.0.5,10054,TRUE,TRUE,5027,FALSE
167,43,2024-01-01 02:46:00,11.26,USD,Grocery,1038,US,Lagos,172.16.0.5,10035,FALSE,FALSE,5015,FALSE
168,29,2024-01-01 02:47:00,81.65,USD,Grocery,1027,US,New York,10.0.0.1,10088,TRUE,TRUE,5062,FALSE
169,36,2024-01-01 02:48:00,324.76,USD,Travel,1048,US,New York,10.0.0.1,10023,TRUE,TRUE,5075,FALSE
170,13,2024-01-01 02:49:00,0.93,USD,Dining,1035,SG,Lagos,172.16.0.5,10043,TRUE,TRUE,5052,FALSE
171,32,2024-01-01 02:50:00,81.14,USD,Electronics,1012,US,Toronto,172.16.0.5,10016,FALSE,TRUE,5084,FALSE
172,71,2024-01-01 02:51:00,101.56,EUR,Travel,1095,US,Los Angeles,192.168.1.1,10001,TRUE,TRUE,5016,FALSE
173,59,2024-01-01 02:52:00,154.18,USD,Jewelry,1035,US,Toronto,172.16.0.5,10012,FALSE,TRUE,5039,FALSE
174,86,2024-01-01 02:53:00,504.79,USD,Jewelry,1025,SG,New York,10.0.0.1,10030,FALSE,TRUE,5012,FALSE
175,28,2024-01-01 02:54:00,85.04,USD,Grocery,1085,US,Moscow,192.168.1.1,10092,FALSE,TRUE,5051,FALSE
176,66,2024-01-01 02:55:00,85.22,INR,Jewelry,1003,US,Lagos,10.0.0.1,10027,TRUE,TRUE,5057,FALSE
177,42,2024-01-01 02:56:00,267.5,EUR,Travel,1094,US,Lagos,8.8.8.8,10059,TRUE,TRUE,5095,FALSE
178,45,2024-01-01 02:57:00,120.38,USD,Jewelry,1081,US,Toronto,192.168.1.1,10026,FALSE,TRUE,5036,FALSE
179,62,2024-01-01 02:58:00,50.88,INR,Travel,1063,US,Moscow,10.0.0.1,10014,TRUE,FALSE,5078,FALSE
180,57,2024-01-01 02:59:00,120.46,USD,Electronics,1037,US,Toronto,172.16.0.5,10094,TRUE,TRUE,5075,FALSE
181,6,2024-01-01 03:00:00,30.36,USD,Grocery,1087,US,Los Angeles,8.8.8.8,10078,TRUE,TRUE,5060,FALSE
182,28,2024-01-01 03:01:00,38.81,EUR,Jewelry,1086,NG,Singapore,10.0.0.1,10032,TRUE,TRUE,5078,FALSE
183,28,2024-01-01 03:02:00,137.98,EUR,Travel,1021,NG,Moscow,192.168.1.1,10019,TRUE,TRUE,5033,FALSE
184,44,2024-01-01 03:03:00,108.58,USD,Dining,1001,US,Singapore,10.0.0.1,10041,TRUE,TRUE,5069,FALSE
185,84,2024-01-01 03:04:00,492.66,USD,Grocery,1030,RU,Los Angeles,8.8.8.8,10011,TRUE,TRUE,5016,FALSE
186,30,2024-01-01 03:05:00,90.01,USD,Electronics,1010,US,Singapore,192.168.1.1,10072,TRUE,TRUE,5019,FALSE
187,62,2024-01-01 03:06:00,173.78,INR,Travel,1091,CA,New York,8.8.8.8,10022,TRUE,TRUE,5072,FALSE
188,75,2024-01-01 03:07:00,200.08,USD,Electronics,1045,CA,Singapore,10.0.0.1,10071,TRUE,TRUE,5058,FALSE
189,92,2024-01-01 03:08:00,2.64,USD,Electronics,1095,US,Los Angeles,172.16.0.5,10095,TRUE,TRUE,5068,TRUE
190,89,2024-01-01 03:09:00,217.85,USD,Jewelry,1061,US,Singapore,172.16.0.5,10013,TRUE,TRUE,5086,FALSE
191,62,2024-01-01 03:10:00,39.21,USD,Jewelry,1068,US,Lagos,10.0.0.1,10090,TRUE,TRUE,5032,TRUE
192,97,2024-01-01 03:11:00,649.2,USD,Travel,1063,US,Toronto,10.0.0.1,10024,TRUE,TRUE,5077,FALSE
193,1,2024-01-01 03:12:00,32.19,INR,Dining,1009,CA,New York,10.0.0.1,10076,TRUE,TRUE,5016,FALSE
194,27,2024-01-01 03:13:00,107.1,USD,Travel,1039,US,Lagos,192.168.1.1,10084,FALSE,TRUE,5056,FALSE
195,62,2024-01-01 03:14:00,17.84,USD,Dining,1023,US,Lagos,8.8.8.8,10030,TRUE,TRUE,5082,FALSE
196,77,2024-01-01 03:15:00,1153.62,USD,Electronics,1098,US,Los Angeles,8.8.8.8,10053,FALSE,TRUE,5096,FALSE
197,3,2024-01-01 03:16:00,139.51,EUR,Grocery,1043,US,Toronto,8.8.8.8,10004,TRUE,TRUE,5000,FALSE
198,70,2024-01-01 03:17:00,180.96,USD,Travel,1059,US,Toronto,10.0.0.1,10012,TRUE,TRUE,5012,FALSE
199,72,2024-01-01 03:18:00,13.89,USD,Travel,1061,US,Moscow,8.8.8.8,10027,TRUE,TRUE,5026,FALSE
200,27,2024-01-01 03:19:00,277.23,EUR,Dining,1086,NG,New York,10.0.0.1,10042,TRUE,TRUE,5069,FALSE
201,9,2024-01-01 03:20:00,47.12,EUR,Electronics,1016,US,Los Angeles,192.168.1.1,10088,TRUE,FALSE,5058,FALSE
202,62,2024-01-01 03:21:00,456.66,EUR,Electronics,1064,US,New York,172.16.0.5,10098,TRUE,TRUE,5005,FALSE
203,37,2024-01-01 03:22:00,45.92,INR,Dining,1094,CA,Moscow,10.0.0.1,10046,TRUE,TRUE,5096,FALSE
204,97,2024-01-01 03:23:00,42.31,USD,Electronics,1094,US,Singapore,10.0.0.1,10070,TRUE,TRUE,5093,FALSE
205,51,2024-01-01 03:24:00,7.45,EUR,Jewelry,1056,CA,Lagos,172.16.0.5,10037,TRUE,TRUE,5098,FALSE
206,44,2024-01-01 03:25:00,127.76,USD,Grocery,1054,CA,New York,172.16.0.5,10095,FALSE,TRUE,5022,FALSE
207,24,2024-01-01 03:26:00,166.41,EUR,Travel,1052,US,Lagos,192.168.1.1,10066,TRUE,TRUE,5009,FALSE
208,79,2024-01-01 03:27:00,13.59,EUR,Grocery,1055,US,Los Angeles,8.8.8.8,10061,TRUE,FALSE,5050,FALSE
209,59,2024-01-01 03:28:00,298.8,EUR,Travel,1097,US,Singapore,10.0.0.1,10038,TRUE,TRUE,5018,FALSE
210,32,2024-01-01 03:29:00,120.77,USD,Jewelry,1008,US,Los Angeles,8.8.8.8,10036,TRUE,TRUE,5050,FALSE
211,96,2024-01-01 03:30:00,148.63,USD,Electronics,1021,US,Singapore,10.0.0.1,10085,FALSE,TRUE,5091,FALSE
212,88,2024-01-01 03:31:00,116.24,USD,Dining,1012,US,Singapore,192.168.1.1,10007,TRUE,TRUE,5086,FALSE
213,52,2024-01-01 03:32:00,102.42,INR,Jewelry,1088,US,Lagos,172.16.0.5,10080,TRUE,TRUE,5067,FALSE
214,62,2024-01-01 03:33:00,164.03,INR,Grocery,1047,US,Los Angeles,192.168.1.1,10051,FALSE,TRUE,5083,FALSE
215,58,2024-01-01 03:34:00,33.74,USD,Dining,1017,CA,Los Angeles,172.16.0.5,10090,TRUE,TRUE,5082,FALSE
216,52,2024-01-01 03:35:00,40.16,USD,Electronics,1075,US,New York,8.8.8.8,10032,TRUE,FALSE,5041,FALSE
217,12,2024-01-01 03:36:00,395.79,USD,Jewelry,1039,US,Los Angeles,8.8.8.8,10080,FALSE,TRUE,5090,FALSE
218,39,2024-01-01 03:37:00,584.18,EUR,Dining,1016,US,New York,192.168.1.1,10041,TRUE,TRUE,5056,FALSE
219,2,2024-01-01 03:38:00,93.46,EUR,Jewelry,1014,NG,Toronto,172.16.0.5,10075,TRUE,TRUE,5097,FALSE
220,3,2024-01-01 03:39:00,63.15,USD,Jewelry,1014,US,Toronto,192.168.1.1,10026,TRUE,TRUE,5067,FALSE
221,56,2024-01-01 03:40:00,206.56,USD,Electronics,1078,NG,Toronto,172.16.0.5,10007,TRUE,TRUE,5037,FALSE
222,81,2024-01-01 03:41:00,105.1,EUR,Travel,1062,US,Moscow,172.16.0.5,10022,TRUE,TRUE,5061,FALSE
223,59,2024-01-01 03:42:00,5.14,EUR,Dining,1038,CA,Los Angeles,8.8.8.8,10063,FALSE,TRUE,5006,FALSE
224,2,2024-01-01 03:43:00,33.96,USD,Electronics,1012,US,Moscow,8.8.8.8,10092,TRUE,TRUE,5070,FALSE
225,2,2024-01-01 03:44:00,251.74,USD,Jewelry,1080,US,Los Angeles,172.16.0.5,10019,FALSE,TRUE,5049,FALSE
226,92,2024-01-01 03:45:00,215.13,USD,Electronics,1031,US,New York,172.16.0.5,10015,FALSE,TRUE,5051,FALSE
227,54,2024-01-01 03:46:00,5.49,USD,Travel,1008,US,Moscow,172.16.0.5,10016,TRUE,FALSE,5025,FALSE
228,87,2024-01-01 03:47:00,50.2,USD,Dining,1039,US,Moscow,8.8.8.8,10079,TRUE,TRUE,5025,FALSE
229,96,2024-01-01 03:48:00,52.55,USD,Travel,1019,US,Moscow,8.8.8.8,10018,TRUE,TRUE,5018,FALSE
230,97,2024-01-01 03:49:00,222.88,EUR,Grocery,1089,SG,Singapore,10.0.0.1,10007,FALSE,TRUE,5008,TRUE
231,1,2024-01-01 03:50:00,3.98,USD,Dining,1090,NG,New York,172.16.0.5,10037,FALSE,TRUE,5060,TRUE
232,19,2024-01-01 03:51:00,21.99,EUR,Travel,1084,US,Toronto,10.0.0.1,10037,TRUE,TRUE,5019,FALSE
233,2,2024-01-01 03:52:00,321.8,USD,Jewelry,1081,US,New York,172.16.0.5,10052,TRUE,TRUE,5049,FALSE
234,53,2024-01-01 03:53:00,39.34,USD,Dining,1076,US,Singapore,8.8.8.8,10092,TRUE,TRUE,5079,TRUE
235,44,2024-01-01 03:54:00,211.54,USD,Dining,1079,CA,Los Angeles,10.0.0.1,10099,FALSE,TRUE,5080,FALSE
236,90,2024-01-01 03:55:00,54.41,USD,Electronics,1072,US,New York,10.0.0.1,10089,TRUE,TRUE,5021,FALSE
237,32,2024-01-01 03:56:00,20.95,EUR,Jewelry,1062,RU,Moscow,192.168.1.1,10030,TRUE,TRUE,5012,FALSE
238,70,2024-01-01 03:57:00,55.72,INR,Grocery,1075,US,Toronto,172.16.0.5,10043,FALSE,TRUE,5011,FALSE
239,32,2024-01-01 03:58:00,256.22,USD,Travel,1043,US,Toronto,8.8.8.8,10059,TRUE,TRUE,5009,FALSE
240,68,2024-01-01 03:59:00,387.17,USD,Electronics,1037,CA,Los Angeles,192.168.1.1,10075,TRUE,TRUE,5064,TRUE
241,55,2024-01-01 04:00:00,354.65,EUR,Travel,1082,SG,New York,192.168.1.1,10016,TRUE,TRUE,5095,FALSE
242,75,2024-01-01 04:01:00,101.23,USD,Grocery,1059,US,Singapore,172.16.0.5,10078,TRUE,TRUE,5029,FALSE
243,56,2024-01-01 04:02:00,220.58,USD,Grocery,1070,US,Los Angeles,192.168.1.1,10072,TRUE,TRUE,5007,FALSE
244,17,2024-01-01 04:03:00,45.88,EUR,Dining,1098,RU,New York,172.16.0.5,10038,FALSE,TRUE,5020,FALSE
245,38,2024-01-01 04:04:00,69.39,USD,Grocery,1047,US,Lagos,192.168.1.1,10041,TRUE,TRUE,5021,FALSE
246,24,2024-01-01 04:05:00,453.32,USD,Travel,1017,NG,Toronto,172.16.0.5,10047,TRUE,TRUE,5017,FALSE
247,69,2024-01-01 04:06:00,2.62,USD,Jewelry,1015,US,Singapore,8.8.8.8,10011,TRUE,FALSE,5065,FALSE
248,98,2024-01-01 04:07:00,17.88,EUR,Jewelry,1054,SG,Moscow,172.16.0.5,10095,TRUE,TRUE,5047,FALSE
249,70,2024-01-01 04:08:00,46.61,USD,Dining,1038,CA,Singapore,172.16.0.5,10088,TRUE,TRUE,5043,FALSE
250,86,2024-01-01 04:09:00,5.38,USD,Travel,1067,US,Moscow,10.0.0.1,10017,FALSE,TRUE,5008,FALSE
251,11,2024-01-01 04:10:00,40.04,EUR,Travel,1058,NG,Singapore,8.8.8.8,10078,FALSE,TRUE,5066,TRUE
252,16,2024-01-01 04:11:00,174.95,USD,Grocery,1088,US,Toronto,8.8.8.8,10095,TRUE,FALSE,5053,FALSE
253,97,2024-01-01 04:12:00,109.44,EUR,Travel,1095,US,Moscow,8.8.8.8,10005,TRUE,TRUE,5025,FALSE
254,73,2024-01-01 04:13:00,446.37,USD,Electronics,1061,US,New York,192.168.1.1,10042,TRUE,TRUE,5084,FALSE
255,59,2024-01-01 04:14:00,340.14,INR,Grocery,1012,US,Moscow,10.0.0.1,10034,FALSE,TRUE,5093,TRUE
256,70,2024-01-01 04:15:00,83.65,USD,Electronics,1080,CA,Los Angeles,8.8.8.8,10097,TRUE,TRUE,5091,FALSE
257,80,2024-01-01 04:16:00,60.07,USD,Dining,1005,US,New York,192.168.1.1,10053,FALSE,TRUE,5099,TRUE
258,93,2024-01-01 04:17:00,95.51,USD,Jewelry,1082,US,Los Angeles,192.168.1.1,10061,TRUE,TRUE,5025,TRUE
259,3,2024-01-01 04:18:00,178.46,USD,Dining,1076,US,Singapore,192.168.1.1,10068,FALSE,FALSE,5033,FALSE
260,20,2024-01-01 04:19:00,62.41,EUR,Jewelry,1059,US,New York,10.0.0.1,10081,FALSE,TRUE,5007,FALSE
261,59,2024-01-01 04:20:00,195.71,INR,Dining,1089,US,Singapore,192.168.1.1,10015,FALSE,TRUE,5009,TRUE
262,36,2024-01-01 04:21:00,105.33,USD,Travel,1013,SG,Lagos,10.0.0.1,10007,TRUE,TRUE,5047,TRUE
263,19,2024-01-01 04:22:00,160.61,USD,Electronics,1094,NG,Singapore,172.16.0.5,10088,TRUE,TRUE,5054,TRUE
264,90,2024-01-01 04:23:00,114.59,EUR,Jewelry,1053,SG,Singapore,192.168.1.1,10095,TRUE,TRUE,5053,FALSE
265,67,2024-01-01 04:24:00,69.76,EUR,Grocery,1003,US,Los Angeles,8.8.8.8,10089,FALSE,TRUE,5077,FALSE
266,19,2024-01-01 04:25:00,593.05,USD,Electronics,1038,US,Moscow,192.168.1.1,10085,TRUE,TRUE,5039,TRUE
267,20,2024-01-01 04:26:00,288.45,USD,Grocery,1071,US,Lagos,172.16.0.5,10030,FALSE,TRUE,5014,FALSE
268,96,2024-01-01 04:27:00,30.19,USD,Electronics,1024,US,Singapore,172.16.0.5,10009,FALSE,TRUE,5080,FALSE
269,71,2024-01-01 04:28:00,405.7,USD,Electronics,1076,US,Singapore,192.168.1.1,10055,TRUE,TRUE,5017,FALSE
270,52,2024-01-01 04:29:00,133.66,USD,Dining,1031,US,Lagos,172.16.0.5,10075,FALSE,TRUE,5095,FALSE
271,33,2024-01-01 04:30:00,449.91,USD,Jewelry,1058,US,Lagos,10.0.0.1,10091,TRUE,TRUE,5022,FALSE
272,40,2024-01-01 04:31:00,321.74,USD,Jewelry,1062,NG,New York,10.0.0.1,10069,TRUE,TRUE,5061,FALSE
273,39,2024-01-01 04:32:00,110.75,EUR,Electronics,1037,US,Los Angeles,192.168.1.1,10019,TRUE,TRUE,5045,FALSE
274,82,2024-01-01 04:33:00,4.55,USD,Travel,1091,US,Lagos,10.0.0.1,10004,TRUE,TRUE,5086,FALSE
275,1,2024-01-01 04:34:00,62.58,USD,Travel,1052,US,Lagos,10.0.0.1,10022,FALSE,FALSE,5098,FALSE
276,11,2024-01-01 04:35:00,156.02,USD,Grocery,1093,US,Toronto,8.8.8.8,10008,TRUE,TRUE,5038,FALSE
277,92,2024-01-01 04:36:00,200.74,USD,Grocery,1066,NG,Moscow,192.168.1.1,10057,TRUE,TRUE,5014,FALSE
278,57,2024-01-01 04:37:00,59.65,USD,Dining,1027,US,Lagos,172.16.0.5,10058,TRUE,TRUE,5052,FALSE
279,89,2024-01-01 04:38:00,30.01,USD,Electronics,1002,US,Los Angeles,192.168.1.1,10092,FALSE,TRUE,5087,FALSE
280,50,2024-01-01 04:39:00,360.28,USD,Grocery,1097,US,Moscow,10.0.0.1,10079,TRUE,TRUE,5063,FALSE
281,23,2024-01-01 04:40:00,832.12,USD,Grocery,1079,US,Moscow,8.8.8.8,10053,FALSE,TRUE,5062,FALSE
282,31,2024-01-01 04:41:00,149.18,USD,Electronics,1021,US,Singapore,192.168.1.1,10045,TRUE,TRUE,5091,TRUE
283,94,2024-01-01 04:42:00,37.67,USD,Dining,1095,SG,Singapore,192.168.1.1,10021,TRUE,TRUE,5079,FALSE
284,42,2024-01-01 04:43:00,63.58,EUR,Grocery,1037,SG,Singapore,10.0.0.1,10063,TRUE,TRUE,5015,FALSE
285,99,2024-01-01 04:44:00,3.71,USD,Dining,1071,SG,Singapore,10.0.0.1,10007,TRUE,TRUE,5069,TRUE
286,7,2024-01-01 04:45:00,491.38,EUR,Jewelry,1071,US,Toronto,192.168.1.1,10019,FALSE,TRUE,5065,TRUE
287,16,2024-01-01 04:46:00,25.06,USD,Dining,1061,SG,Lagos,10.0.0.1,10050,TRUE,TRUE,5012,FALSE
288,90,2024-01-01 04:47:00,171.85,USD,Travel,1056,US,Singapore,10.0.0.1,10077,FALSE,TRUE,5046,FALSE
289,60,2024-01-01 04:48:00,64.06,USD,Travel,1005,US,New York,10.0.0.1,10038,TRUE,TRUE,5008,FALSE
290,2,2024-01-01 04:49:00,161.57,USD,Dining,1077,CA,Singapore,10.0.0.1,10036,TRUE,TRUE,5062,TRUE
291,1,2024-01-01 04:50:00,210.78,EUR,Travel,1031,US,Lagos,10.0.0.1,10049,FALSE,TRUE,5033,FALSE
292,48,2024-01-01 04:51:00,354.09,EUR,Jewelry,1098,US,Singapore,8.8.8.8,10033,FALSE,TRUE,5080,FALSE
293,12,2024-01-01 04:52:00,46.24,EUR,Electronics,1009,CA,Toronto,10.0.0.1,10074,TRUE,TRUE,5090,FALSE
294,69,2024-01-01 04:53:00,2.21,USD,Travel,1002,US,Los Angeles,172.16.0.5,10032,TRUE,TRUE,5028,FALSE
295,37,2024-01-01 04:54:00,29.44,USD,Travel,1058,US,Los Angeles,192.168.1.1,10030,TRUE,TRUE,5036,FALSE
296,32,2024-01-01 04:55:00,460.55,USD,Dining,1075,US,Lagos,8.8.8.8,10053,TRUE,TRUE,5042,FALSE
297,9,2024-01-01 04:56:00,414.12,USD,Jewelry,1048,NG,Los Angeles,8.8.8.8,10043,FALSE,TRUE,5085,FALSE
298,99,2024-01-01 04:57:00,181.97,USD,Electronics,1058,RU,Los Angeles,10.0.0.1,10033,FALSE,FALSE,5063,FALSE
299,19,2024-01-01 04:58:00,183.52,USD,Dining,1030,NG,New York,192.168.1.1,10070,TRUE,TRUE,5023,FALSE
300,48,2024-01-01 04:59:00,218.75,USD,Dining,1092,US,Lagos,172.16.0.5,10061,FALSE,TRUE,5070,FALSE
301,80,2024-01-01 05:00:00,38.56,USD,Jewelry,1068,US,Lagos,10.0.0.1,10022,TRUE,TRUE,5033,FALSE
302,3,2024-01-01 05:01:00,491.64,EUR,Electronics,1061,US,Los Angeles,192.168.1.1,10045,TRUE,TRUE,5047,FALSE
303,20,2024-01-01 05:02:00,108.52,INR,Jewelry,1051,US,Los Angeles,10.0.0.1,10055,TRUE,TRUE,5011,TRUE
304,24,2024-01-01 05:03:00,96.62,INR,Electronics,1088,US,Los Angeles,10.0.0.1,10006,TRUE,TRUE,5022,FALSE
305,54,2024-01-01 05:04:00,146.34,USD,Jewelry,1040,US,Moscow,10.0.0.1,10088,TRUE,TRUE,5078,FALSE
306,33,2024-01-01 05:05:00,9.62,USD,Dining,1030,US,Toronto,10.0.0.1,10060,TRUE,TRUE,5096,FALSE
307,24,2024-01-01 05:06:00,36.37,USD,Dining,1084,RU,Singapore,10.0.0.1,10002,TRUE,TRUE,5012,FALSE
308,75,2024-01-01 05:07:00,267.91,EUR,Grocery,1083,US,Toronto,10.0.0.1,10037,TRUE,TRUE,5086,TRUE
309,72,2024-01-01 05:08:00,17.29,USD,Travel,1021,US,Lagos,10.0.0.1,10083,FALSE,TRUE,5095,FALSE
310,36,2024-01-01 05:09:00,184.84,USD,Jewelry,1003,US,New York,172.16.0.5,10033,TRUE,TRUE,5044,FALSE
311,38,2024-01-01 05:10:00,56.3,EUR,Grocery,1012,NG,Singapore,8.8.8.8,10043,TRUE,TRUE,5098,FALSE
312,84,2024-01-01 05:11:00,98.63,USD,Travel,1044,SG,New York,172.16.0.5,10029,FALSE,TRUE,5064,FALSE
313,99,2024-01-01 05:12:00,68.13,USD,Jewelry,1041,SG,Moscow,10.0.0.1,10016,FALSE,TRUE,5046,FALSE
314,89,2024-01-01 05:13:00,87.91,USD,Electronics,1048,NG,Lagos,10.0.0.1,10058,FALSE,TRUE,5057,FALSE
315,99,2024-01-01 05:14:00,253.91,USD,Travel,1019,US,Moscow,172.16.0.5,10009,TRUE,TRUE,5004,FALSE
316,25,2024-01-01 05:15:00,70.51,USD,Dining,1076,US,Lagos,172.16.0.5,10098,TRUE,TRUE,5076,FALSE
317,93,2024-01-01 05:16:00,167.13,USD,Grocery,1080,US,New York,8.8.8.8,10083,TRUE,TRUE,5004,FALSE
318,18,2024-01-01 05:17:00,129.27,USD,Travel,1053,US,New York,172.16.0.5,10017,TRUE,TRUE,5059,FALSE
319,82,2024-01-01 05:18:00,217.93,USD,Travel,1035,US,New York,8.8.8.8,10044,FALSE,TRUE,5095,FALSE
320,66,2024-01-01 05:19:00,552.38,EUR,Dining,1096,US,Lagos,10.0.0.1,10090,TRUE,TRUE,5020,TRUE
321,54,2024-01-01 05:20:00,263.78,USD,Jewelry,1000,NG,Los Angeles,192.168.1.1,10058,TRUE,TRUE,5023,FALSE
322,35,2024-01-01 05:21:00,48.4,USD,Electronics,1014,RU,New York,192.168.1.1,10061,TRUE,TRUE,5017,TRUE
323,80,2024-01-01 05:22:00,6.34,USD,Dining,1076,SG,Moscow,192.168.1.1,10058,TRUE,TRUE,5020,TRUE
324,61,2024-01-01 05:23:00,60.83,INR,Electronics,1016,SG,Singapore,192.168.1.1,10048,FALSE,TRUE,5053,FALSE
325,41,2024-01-01 05:24:00,180.81,USD,Jewelry,1023,CA,Lagos,10.0.0.1,10099,TRUE,TRUE,5009,FALSE
326,100,2024-01-01 05:25:00,10.56,USD,Travel,1057,US,Moscow,192.168.1.1,10062,TRUE,TRUE,5023,FALSE
327,33,2024-01-01 05:26:00,137.18,EUR,Electronics,1071,US,Toronto,172.16.0.5,10086,TRUE,TRUE,5084,FALSE
328,68,2024-01-01 05:27:00,181.69,EUR,Grocery,1090,CA,Toronto,172.16.0.5,10031,TRUE,TRUE,5088,FALSE
329,33,2024-01-01 05:28:00,81.37,USD,Grocery,1022,CA,Singapore,192.168.1.1,10009,TRUE,TRUE,5059,FALSE
330,14,2024-01-01 05:29:00,294.73,EUR,Dining,1045,US,Los Angeles,172.16.0.5,10010,TRUE,TRUE,5056,FALSE
331,21,2024-01-01 05:30:00,22.54,USD,Jewelry,1071,NG,New York,8.8.8.8,10069,TRUE,TRUE,5022,FALSE
332,48,2024-01-01 05:31:00,15.62,USD,Dining,1007,US,Lagos,10.0.0.1,10061,FALSE,TRUE,5021,FALSE
333,20,2024-01-01 05:32:00,260.53,USD,Dining,1058,US,Moscow,192.168.1.1,10046,FALSE,TRUE,5067,FALSE
334,8,2024-01-01 05:33:00,136.83,USD,Dining,1089,CA,New York,192.168.1.1,10033,FALSE,TRUE,5033,FALSE
335,7,2024-01-01 05:34:00,233.21,EUR,Grocery,1058,US,Moscow,10.0.0.1,10099,FALSE,TRUE,5069,FALSE
336,67,2024-01-01 05:35:00,114.12,USD,Grocery,1012,US,Lagos,172.16.0.5,10016,TRUE,TRUE,5027,FALSE
337,17,2024-01-01 05:36:00,56.58,USD,Dining,1038,US,Toronto,10.0.0.1,10053,TRUE,TRUE,5094,FALSE
338,33,2024-01-01 05:37:00,341.96,EUR,Grocery,1027,SG,New York,10.0.0.1,10075,TRUE,TRUE,5098,FALSE
339,48,2024-01-01 05:38:00,321.3,EUR,Jewelry,1088,US,Singapore,172.16.0.5,10084,FALSE,TRUE,5038,FALSE
340,76,2024-01-01 05:39:00,237.29,USD,Dining,1060,CA,Los Angeles,10.0.0.1,10039,FALSE,TRUE,5041,FALSE
341,59,2024-01-01 05:40:00,63.53,USD,Grocery,1015,US,Singapore,172.16.0.5,10018,FALSE,TRUE,5022,TRUE
342,86,2024-01-01 05:41:00,178.43,USD,Electronics,1001,US,Los Angeles,172.16.0.5,10066,TRUE,TRUE,5069,FALSE
343,22,2024-01-01 05:42:00,89.56,EUR,Dining,1081,RU,Moscow,10.0.0.1,10081,FALSE,TRUE,5079,FALSE
344,30,2024-01-01 05:43:00,19.21,USD,Dining,1016,US,New York,8.8.8.8,10052,TRUE,TRUE,5001,FALSE
345,38,2024-01-01 05:44:00,498.54,INR,Jewelry,1029,RU,New York,172.16.0.5,10063,TRUE,TRUE,5023,FALSE
346,51,2024-01-01 05:45:00,29.43,USD,Travel,1012,US,Los Angeles,10.0.0.1,10082,TRUE,TRUE,5016,FALSE
347,54,2024-01-01 05:46:00,600.1,USD,Travel,1095,RU,Toronto,172.16.0.5,10046,TRUE,TRUE,5064,FALSE
348,8,2024-01-01 05:47:00,118.12,USD,Jewelry,1092,US,Lagos,8.8.8.8,10005,TRUE,TRUE,5069,FALSE
349,27,2024-01-01 05:48:00,40.95,USD,Jewelry,1093,US,Singapore,8.8.8.8,10015,TRUE,TRUE,5068,FALSE
350,27,2024-01-01 05:49:00,156.13,USD,Jewelry,1081,US,Moscow,192.168.1.1,10071,TRUE,TRUE,5059,FALSE
351,98,2024-01-01 05:50:00,412.63,INR,Travel,1012,US,Singapore,172.16.0.5,10017,TRUE,TRUE,5049,FALSE
352,21,2024-01-01 05:51:00,263.52,USD,Jewelry,1042,CA,Singapore,172.16.0.5,10051,FALSE,TRUE,5092,FALSE
353,30,2024-01-01 05:52:00,328.56,USD,Grocery,1084,US,Moscow,10.0.0.1,10047,TRUE,TRUE,5011,FALSE
354,97,2024-01-01 05:53:00,215.05,EUR,Dining,1093,US,Moscow,172.16.0.5,10042,TRUE,TRUE,5046,FALSE
355,28,2024-01-01 05:54:00,235.71,USD,Dining,1020,US,New York,192.168.1.1,10038,FALSE,TRUE,5066,FALSE
356,64,2024-01-01 05:55:00,378.35,EUR,Electronics,1054,US,Singapore,8.8.8.8,10048,FALSE,TRUE,5064,FALSE
357,97,2024-01-01 05:56:00,57.45,USD,Electronics,1080,SG,Lagos,8.8.8.8,10011,TRUE,TRUE,5026,FALSE
358,69,2024-01-01 05:57:00,134.44,USD,Dining,1039,US,Lagos,192.168.1.1,10009,TRUE,TRUE,5047,FALSE
359,61,2024-01-01 05:58:00,50,USD,Grocery,1082,CA,Los Angeles,172.16.0.5,10070,TRUE,TRUE,5087,FALSE
360,48,2024-01-01 05:59:00,879.11,USD,Travel,1014,CA,Moscow,172.16.0.5,10054,TRUE,TRUE,5061,FALSE
361,19,2024-01-01 06:00:00,576.69,INR,Travel,1072,SG,New York,192.168.1.1,10000,TRUE,TRUE,5043,FALSE
362,4,2024-01-01 06:01:00,8.05,USD,Grocery,1051,US,Lagos,10.0.0.1,10048,FALSE,TRUE,5018,FALSE
363,35,2024-01-01 06:02:00,244.55,USD,Travel,1073,CA,Toronto,8.8.8.8,10035,TRUE,TRUE,5058,FALSE
364,64,2024-01-01 06:03:00,518.72,USD,Jewelry,1094,RU,New York,192.168.1.1,10020,FALSE,TRUE,5007,FALSE
365,49,2024-01-01 06:04:00,39.83,USD,Dining,1052,CA,New York,192.168.1.1,10036,FALSE,TRUE,5054,FALSE
366,17,2024-01-01 06:05:00,167.84,EUR,Dining,1086,US,Lagos,172.16.0.5,10023,FALSE,FALSE,5046,FALSE
367,44,2024-01-01 06:06:00,494.17,USD,Grocery,1051,CA,Toronto,8.8.8.8,10054,TRUE,TRUE,5001,FALSE
368,92,2024-01-01 06:07:00,6.91,USD,Travel,1029,CA,Los Angeles,172.16.0.5,10024,FALSE,TRUE,5093,FALSE
369,30,2024-01-01 06:08:00,239.08,INR,Electronics,1032,CA,Lagos,192.168.1.1,10006,TRUE,TRUE,5093,FALSE
370,93,2024-01-01 06:09:00,70.58,USD,Electronics,1056,US,Toronto,10.0.0.1,10080,TRUE,TRUE,5038,FALSE
371,46,2024-01-01 06:10:00,516.45,INR,Travel,1051,US,New York,8.8.8.8,10092,TRUE,TRUE,5044,FALSE
372,6,2024-01-01 06:11:00,708.49,USD,Electronics,1008,SG,Toronto,192.168.1.1,10093,TRUE,FALSE,5031,FALSE
373,99,2024-01-01 06:12:00,577.43,USD,Grocery,1053,US,New York,192.168.1.1,10070,FALSE,TRUE,5064,FALSE
374,37,2024-01-01 06:13:00,128.57,USD,Grocery,1000,CA,Lagos,10.0.0.1,10096,TRUE,TRUE,5037,FALSE
375,24,2024-01-01 06:14:00,396.16,EUR,Travel,1043,US,Moscow,192.168.1.1,10070,TRUE,TRUE,5076,FALSE
376,93,2024-01-01 06:15:00,372.29,INR,Electronics,1098,US,Lagos,192.168.1.1,10023,TRUE,TRUE,5010,FALSE
377,46,2024-01-01 06:16:00,76.87,USD,Grocery,1074,US,Singapore,8.8.8.8,10010,TRUE,TRUE,5009,FALSE
378,53,2024-01-01 06:17:00,353.12,USD,Grocery,1097,US,Singapore,8.8.8.8,10072,TRUE,TRUE,5058,FALSE
379,95,2024-01-01 06:18:00,7.54,USD,Jewelry,1079,RU,Singapore,8.8.8.8,10011,FALSE,TRUE,5089,FALSE
380,99,2024-01-01 06:19:00,181.4,USD,Jewelry,1008,NG,Lagos,172.16.0.5,10034,TRUE,TRUE,5054,FALSE
381,60,2024-01-01 06:20:00,52.28,USD,Grocery,1031,CA,Los Angeles,10.0.0.1,10062,TRUE,TRUE,5019,FALSE
382,97,2024-01-01 06:21:00,25.7,INR,Travel,1014,US,Lagos,8.8.8.8,10067,TRUE,TRUE,5080,FALSE
383,63,2024-01-01 06:22:00,16.02,USD,Dining,1011,CA,Moscow,172.16.0.5,10099,TRUE,TRUE,5016,FALSE
384,85,2024-01-01 06:23:00,238.34,USD,Dining,1096,CA,Toronto,172.16.0.5,10091,TRUE,TRUE,5067,TRUE
385,32,2024-01-01 06:24:00,83.07,USD,Grocery,1077,US,Lagos,10.0.0.1,10056,TRUE,TRUE,5004,FALSE
386,87,2024-01-01 06:25:00,258.03,USD,Grocery,1056,US,Lagos,10.0.0.1,10012,FALSE,TRUE,5059,FALSE
387,33,2024-01-01 06:26:00,13.52,USD,Grocery,1007,CA,New York,192.168.1.1,10022,TRUE,TRUE,5022,FALSE
388,67,2024-01-01 06:27:00,75.75,USD,Travel,1071,SG,New York,172.16.0.5,10082,TRUE,TRUE,5045,FALSE
389,18,2024-01-01 06:28:00,155.08,EUR,Jewelry,1026,RU,New York,8.8.8.8,10038,TRUE,TRUE,5051,FALSE
390,25,2024-01-01 06:29:00,312.82,USD,Grocery,1061,US,Lagos,10.0.0.1,10087,FALSE,TRUE,5009,FALSE
391,95,2024-01-01 06:30:00,76.77,USD,Grocery,1011,CA,Los Angeles,172.16.0.5,10079,TRUE,TRUE,5045,FALSE
392,54,2024-01-01 06:31:00,196.64,USD,Electronics,1064,US,Toronto,8.8.8.8,10096,TRUE,TRUE,5027,FALSE
393,58,2024-01-01 06:32:00,434.27,EUR,Travel,1041,US,Toronto,172.16.0.5,10011,FALSE,TRUE,5096,FALSE
394,67,2024-01-01 06:33:00,191.35,EUR,Grocery,1061,US,Moscow,10.0.0.1,10033,TRUE,TRUE,5042,FALSE
395,46,2024-01-01 06:34:00,53.04,USD,Electronics,1010,US,Los Angeles,192.168.1.1,10070,TRUE,TRUE,5025,TRUE
396,24,2024-01-01 06:35:00,4.94,EUR,Dining,1042,US,Los Angeles,172.16.0.5,10074,TRUE,FALSE,5054,FALSE
397,32,2024-01-01 06:36:00,408.2,USD,Grocery,1094,US,Toronto,8.8.8.8,10030,TRUE,TRUE,5047,FALSE
398,47,2024-01-01 06:37:00,4.3,USD,Grocery,1016,CA,Singapore,10.0.0.1,10092,TRUE,TRUE,5028,FALSE
399,86,2024-01-01 06:38:00,415.41,USD,Electronics,1096,CA,New York,192.168.1.1,10061,TRUE,TRUE,5026,FALSE
400,23,2024-01-01 06:39:00,150.55,USD,Travel,1031,US,New York,8.8.8.8,10012,TRUE,TRUE,5017,FALSE
401,66,2024-01-01 06:40:00,559.6,USD,Grocery,1092,NG,Toronto,8.8.8.8,10030,TRUE,TRUE,5059,FALSE
402,27,2024-01-01 06:41:00,320.67,INR,Dining,1084,US,Los Angeles,8.8.8.8,10001,TRUE,TRUE,5073,FALSE
403,2,2024-01-01 06:42:00,1236.44,EUR,Grocery,1084,US,Moscow,172.16.0.5,10014,FALSE,TRUE,5068,FALSE
404,90,2024-01-01 06:43:00,86.38,USD,Dining,1039,CA,Singapore,10.0.0.1,10056,FALSE,TRUE,5073,FALSE
405,17,2024-01-01 06:44:00,291.51,USD,Jewelry,1022,US,Toronto,8.8.8.8,10074,FALSE,FALSE,5020,FALSE
406,33,2024-01-01 06:45:00,102.81,USD,Jewelry,1055,US,New York,172.16.0.5,10033,TRUE,TRUE,5023,FALSE
407,9,2024-01-01 06:46:00,130.74,USD,Dining,1005,US,Lagos,10.0.0.1,10067,TRUE,TRUE,5002,FALSE
408,43,2024-01-01 06:47:00,197.51,USD,Travel,1085,US,Los Angeles,10.0.0.1,10074,TRUE,TRUE,5094,FALSE
409,48,2024-01-01 06:48:00,413.78,USD,Grocery,1049,SG,Lagos,172.16.0.5,10028,TRUE,TRUE,5061,FALSE
410,39,2024-01-01 06:49:00,828.08,USD,Grocery,1036,US,Moscow,172.16.0.5,10065,FALSE,TRUE,5001,FALSE
411,93,2024-01-01 06:50:00,292.44,EUR,Jewelry,1063,US,Toronto,8.8.8.8,10015,TRUE,TRUE,5065,TRUE
412,42,2024-01-01 06:51:00,108.18,USD,Dining,1053,US,New York,10.0.0.1,10038,TRUE,TRUE,5041,FALSE
413,26,2024-01-01 06:52:00,109.41,USD,Grocery,1071,CA,Singapore,192.168.1.1,10076,TRUE,TRUE,5033,FALSE
414,99,2024-01-01 06:53:00,267.56,EUR,Grocery,1048,US,Lagos,172.16.0.5,10036,TRUE,TRUE,5041,FALSE
415,50,2024-01-01 06:54:00,54.57,USD,Travel,1098,CA,Singapore,10.0.0.1,10080,TRUE,TRUE,5019,TRUE
416,25,2024-01-01 06:55:00,23.41,USD,Electronics,1010,US,Moscow,10.0.0.1,10020,TRUE,TRUE,5096,FALSE
417,24,2024-01-01 06:56:00,87.58,USD,Jewelry,1087,US,New York,8.8.8.8,10043,TRUE,TRUE,5067,TRUE
418,13,2024-01-01 06:57:00,67.72,USD,Jewelry,1048,US,Lagos,192.168.1.1,10018,FALSE,TRUE,5044,TRUE
419,60,2024-01-01 06:58:00,70.28,EUR,Electronics,1020,US,Moscow,8.8.8.8,10070,TRUE,TRUE,5074,FALSE
420,7,2024-01-01 06:59:00,53.21,USD,Grocery,1065,US,Singapore,192.168.1.1,10007,FALSE,TRUE,5041,FALSE
421,57,2024-01-01 07:00:00,8.6,USD,Travel,1062,US,Singapore,192.168.1.1,10076,FALSE,TRUE,5046,FALSE
422,36,2024-01-01 07:01:00,3.61,EUR,Travel,1082,NG,Lagos,172.16.0.5,10065,TRUE,TRUE,5004,FALSE
423,45,2024-01-01 07:02:00,880,EUR,Jewelry,1027,US,New York,10.0.0.1,10040,FALSE,TRUE,5088,FALSE
424,20,2024-01-01 07:03:00,111.64,EUR,Travel,1016,CA,Singapore,10.0.0.1,10074,TRUE,TRUE,5048,FALSE
425,65,2024-01-01 07:04:00,97.01,USD,Electronics,1005,US,Toronto,10.0.0.1,10087,FALSE,TRUE,5036,FALSE
426,8,2024-01-01 07:05:00,227.67,USD,Grocery,1018,US,Moscow,192.168.1.1,10069,TRUE,TRUE,5033,FALSE
427,16,2024-01-01 07:06:00,49.25,INR,Electronics,1055,US,Lagos,10.0.0.1,10060,TRUE,TRUE,5072,FALSE
428,14,2024-01-01 07:07:00,598.99,EUR,Dining,1027,NG,Los Angeles,172.16.0.5,10025,TRUE,TRUE,5069,FALSE
429,76,2024-01-01 07:08:00,308.68,USD,Jewelry,1065,US,Los Angeles,192.168.1.1,10070,TRUE,TRUE,5017,FALSE
430,87,2024-01-01 07:09:00,18.73,USD,Travel,1037,US,New York,192.168.1.1,10082,FALSE,TRUE,5077,FALSE
431,15,2024-01-01 07:10:00,108.11,USD,Dining,1036,US,Toronto,192.168.1.1,10069,TRUE,TRUE,5018,FALSE
432,92,2024-01-01 07:11:00,422.59,INR,Travel,1067,US,Singapore,192.168.1.1,10028,TRUE,TRUE,5077,FALSE
433,98,2024-01-01 07:12:00,579.11,USD,Grocery,1085,US,Los Angeles,172.16.0.5,10065,TRUE,TRUE,5039,FALSE
434,66,2024-01-01 07:13:00,126,USD,Grocery,1089,US,New York,10.0.0.1,10018,FALSE,TRUE,5016,FALSE
435,32,2024-01-01 07:14:00,190.08,USD,Grocery,1048,US,Moscow,172.16.0.5,10067,TRUE,TRUE,5059,FALSE
436,87,2024-01-01 07:15:00,36.55,USD,Travel,1042,US,Toronto,10.0.0.1,10057,TRUE,TRUE,5098,FALSE
437,63,2024-01-01 07:16:00,945.89,EUR,Dining,1035,CA,Toronto,172.16.0.5,10069,TRUE,TRUE,5092,TRUE
438,86,2024-01-01 07:17:00,52.71,USD,Grocery,1057,US,New York,8.8.8.8,10056,FALSE,TRUE,5041,FALSE
439,51,2024-01-01 07:18:00,572,EUR,Dining,1012,US,New York,8.8.8.8,10036,TRUE,TRUE,5080,FALSE
440,25,2024-01-01 07:19:00,209.76,INR,Travel,1051,US,Singapore,8.8.8.8,10060,TRUE,TRUE,5071,FALSE
441,58,2024-01-01 07:20:00,187.16,USD,Dining,1057,CA,New York,8.8.8.8,10091,TRUE,TRUE,5064,FALSE
442,63,2024-01-01 07:21:00,143.77,USD,Travel,1031,US,Singapore,192.168.1.1,10029,FALSE,TRUE,5052,FALSE
443,62,2024-01-01 07:22:00,52.45,USD,Travel,1080,US,Singapore,192.168.1.1,10070,TRUE,TRUE,5099,FALSE
444,22,2024-01-01 07:23:00,38.85,EUR,Jewelry,1099,US,Lagos,172.16.0.5,10072,TRUE,TRUE,5006,FALSE
445,58,2024-01-01 07:24:00,49.82,USD,Travel,1059,US,Toronto,172.16.0.5,10024,TRUE,TRUE,5004,FALSE
446,58,2024-01-01 07:25:00,41.27,USD,Travel,1082,US,Moscow,8.8.8.8,10096,FALSE,TRUE,5023,FALSE
447,86,2024-01-01 07:26:00,302.45,EUR,Electronics,1057,CA,Toronto,10.0.0.1,10064,FALSE,TRUE,5027,FALSE
448,49,2024-01-01 07:27:00,86.2,USD,Grocery,1098,SG,Toronto,8.8.8.8,10005,TRUE,TRUE,5061,FALSE
449,52,2024-01-01 07:28:00,11.92,INR,Jewelry,1055,CA,Lagos,172.16.0.5,10017,TRUE,TRUE,5016,FALSE
450,42,2024-01-01 07:29:00,695.42,USD,Jewelry,1027,US,Singapore,8.8.8.8,10009,TRUE,TRUE,5019,FALSE
451,70,2024-01-01 07:30:00,430.46,USD,Jewelry,1000,US,Singapore,172.16.0.5,10091,TRUE,TRUE,5002,FALSE
452,15,2024-01-01 07:31:00,525.53,USD,Electronics,1041,US,New York,8.8.8.8,10010,TRUE,TRUE,5036,FALSE
453,54,2024-01-01 07:32:00,1056.01,EUR,Travel,1081,US,Lagos,10.0.0.1,10096,TRUE,TRUE,5089,FALSE
454,60,2024-01-01 07:33:00,38.21,USD,Grocery,1047,US,New York,8.8.8.8,10064,TRUE,TRUE,5014,FALSE
455,97,2024-01-01 07:34:00,100.92,EUR,Dining,1039,SG,Lagos,10.0.0.1,10076,FALSE,TRUE,5050,FALSE
456,8,2024-01-01 07:35:00,283.96,INR,Travel,1096,US,New York,10.0.0.1,10083,TRUE,TRUE,5047,FALSE
457,53,2024-01-01 07:36:00,238.16,USD,Electronics,1062,US,Los Angeles,172.16.0.5,10064,TRUE,TRUE,5007,FALSE
458,60,2024-01-01 07:37:00,33.42,INR,Travel,1075,US,Toronto,10.0.0.1,10051,TRUE,TRUE,5012,FALSE
459,5,2024-01-01 07:38:00,338.38,USD,Travel,1071,US,Toronto,192.168.1.1,10066,TRUE,FALSE,5047,FALSE
460,68,2024-01-01 07:39:00,50.83,USD,Electronics,1087,US,Moscow,192.168.1.1,10081,TRUE,TRUE,5002,FALSE
461,6,2024-01-01 07:40:00,50.67,USD,Jewelry,1079,SG,Singapore,192.168.1.1,10077,TRUE,TRUE,5064,FALSE
462,96,2024-01-01 07:41:00,153.99,EUR,Jewelry,1003,US,Moscow,172.16.0.5,10030,TRUE,TRUE,5072,FALSE
463,94,2024-01-01 07:42:00,179.76,USD,Grocery,1037,CA,Los Angeles,192.168.1.1,10090,FALSE,TRUE,5030,TRUE
464,47,2024-01-01 07:43:00,173.54,USD,Grocery,1026,SG,Moscow,172.16.0.5,10016,FALSE,TRUE,5025,FALSE
465,99,2024-01-01 07:44:00,19.19,USD,Jewelry,1008,CA,Toronto,172.16.0.5,10054,TRUE,TRUE,5080,FALSE
466,55,2024-01-01 07:45:00,419.86,USD,Dining,1015,US,Singapore,192.168.1.1,10092,TRUE,TRUE,5055,FALSE
467,40,2024-01-01 07:46:00,61.74,USD,Travel,1055,US,Los Angeles,10.0.0.1,10035,TRUE,TRUE,5033,FALSE
468,52,2024-01-01 07:47:00,27.74,EUR,Dining,1075,US,Toronto,8.8.8.8,10025,TRUE,TRUE,5008,FALSE
469,16,2024-01-01 07:48:00,439.19,EUR,Travel,1030,CA,New York,172.16.0.5,10052,TRUE,TRUE,5061,FALSE
470,13,2024-01-01 07:49:00,623.14,USD,Jewelry,1087,US,Lagos,192.168.1.1,10016,FALSE,TRUE,5012,FALSE
471,30,2024-01-01 07:50:00,396.29,INR,Grocery,1013,NG,Los Angeles,172.16.0.5,10085,FALSE,TRUE,5068,FALSE
472,19,2024-01-01 07:51:00,331.64,USD,Grocery,1024,US,Singapore,10.0.0.1,10024,FALSE,TRUE,5040,FALSE
473,17,2024-01-01 07:52:00,212.98,INR,Dining,1033,US,Moscow,10.0.0.1,10001,TRUE,TRUE,5076,FALSE
474,63,2024-01-01 07:53:00,160.08,USD,Grocery,1066,US,Moscow,192.168.1.1,10085,FALSE,TRUE,5000,FALSE
475,19,2024-01-01 07:54:00,18.2,USD,Jewelry,1023,US,Los Angeles,172.16.0.5,10004,FALSE,TRUE,5088,FALSE
476,92,2024-01-01 07:55:00,105,USD,Dining,1072,US,Singapore,8.8.8.8,10003,TRUE,TRUE,5046,FALSE
477,58,2024-01-01 07:56:00,93.26,EUR,Travel,1025,CA,Los Angeles,8.8.8.8,10035,TRUE,TRUE,5003,FALSE
478,55,2024-01-01 07:57:00,60.15,USD,Grocery,1019,CA,Singapore,172.16.0.5,10005,FALSE,TRUE,5099,FALSE
479,90,2024-01-01 07:58:00,257.05,USD,Electronics,1063,SG,Moscow,172.16.0.5,10020,TRUE,TRUE,5062,FALSE
480,90,2024-01-01 07:59:00,136.99,USD,Grocery,1009,NG,Toronto,172.16.0.5,10076,TRUE,TRUE,5051,FALSE
481,62,2024-01-01 08:00:00,16.9,USD,Travel,1082,SG,New York,192.168.1.1,10088,TRUE,TRUE,5009,FALSE
482,23,2024-01-01 08:01:00,49.74,USD,Dining,1066,US,Toronto,10.0.0.1,10025,TRUE,TRUE,5027,TRUE
483,9,2024-01-01 08:02:00,229.93,EUR,Travel,1023,CA,New York,8.8.8.8,10054,TRUE,TRUE,5005,FALSE
484,12,2024-01-01 08:03:00,15.84,EUR,Electronics,1004,US,Moscow,192.168.1.1,10038,FALSE,TRUE,5026,FALSE
485,1,2024-01-01 08:04:00,381.04,USD,Jewelry,1066,US,Toronto,172.16.0.5,10083,TRUE,TRUE,5011,FALSE
486,58,2024-01-01 08:05:00,136.7,EUR,Grocery,1057,CA,Toronto,172.16.0.5,10032,TRUE,TRUE,5061,FALSE
487,1,2024-01-01 08:06:00,131.01,USD,Dining,1026,US,Los Angeles,10.0.0.1,10013,TRUE,TRUE,5051,TRUE
488,34,2024-01-01 08:07:00,179.5,EUR,Jewelry,1079,US,Lagos,172.16.0.5,10055,TRUE,TRUE,5047,FALSE
489,96,2024-01-01 08:08:00,348.23,EUR,Travel,1014,US,Moscow,192.168.1.1,10099,TRUE,TRUE,5066,FALSE
490,48,2024-01-01 08:09:00,85.48,USD,Dining,1034,US,Singapore,192.168.1.1,10080,TRUE,TRUE,5045,FALSE
491,89,2024-01-01 08:10:00,226.65,EUR,Jewelry,1075,NG,Moscow,10.0.0.1,10020,TRUE,TRUE,5096,FALSE
492,1,2024-01-01 08:11:00,166.82,USD,Dining,1052,US,Singapore,192.168.1.1,10045,TRUE,TRUE,5073,FALSE
493,16,2024-01-01 08:12:00,62.13,USD,Electronics,1043,US,Singapore,8.8.8.8,10015,TRUE,TRUE,5094,FALSE
494,61,2024-01-01 08:13:00,421.78,EUR,Electronics,1025,US,New York,192.168.1.1,10015,TRUE,TRUE,5014,FALSE
495,64,2024-01-01 08:14:00,319.33,USD,Grocery,1046,US,Singapore,192.168.1.1,10083,TRUE,TRUE,5070,FALSE
496,63,2024-01-01 08:15:00,214.85,USD,Grocery,1033,NG,Singapore,192.168.1.1,10028,TRUE,TRUE,5035,FALSE
497,69,2024-01-01 08:16:00,380.2,USD,Electronics,1086,US,Los Angeles,8.8.8.8,10091,FALSE,TRUE,5013,TRUE
498,22,2024-01-01 08:17:00,403.92,EUR,Dining,1094,US,Toronto,172.16.0.5,10007,TRUE,TRUE,5077,TRUE
499,93,2024-01-01 08:18:00,246.45,USD,Electronics,1049,CA,Moscow,192.168.1.1,10087,TRUE,TRUE,5002,FALSE
500,67,2024-01-01 08:19:00,362.82,USD,Grocery,1083,NG,Moscow,10.0.0.1,10002,TRUE,TRUE,5066,FALSE
501,76,2024-01-01 08:20:00,239.12,EUR,Electronics,1011,CA,Singapore,8.8.8.8,10088,TRUE,FALSE,5085,FALSE
502,26,2024-01-01 08:21:00,227.97,EUR,Electronics,1086,SG,Lagos,10.0.0.1,10018,FALSE,TRUE,5018,FALSE
503,16,2024-01-01 08:22:00,192.79,USD,Dining,1003,US,Moscow,192.168.1.1,10096,TRUE,TRUE,5098,FALSE
504,51,2024-01-01 08:23:00,279.44,USD,Jewelry,1086,US,Singapore,10.0.0.1,10065,TRUE,TRUE,5075,FALSE
505,86,2024-01-01 08:24:00,34.54,USD,Grocery,1047,US,New York,192.168.1.1,10078,TRUE,TRUE,5053,FALSE
506,57,2024-01-01 08:25:00,425.51,USD,Dining,1054,NG,New York,8.8.8.8,10085,TRUE,TRUE,5068,FALSE
507,29,2024-01-01 08:26:00,410.9,USD,Electronics,1000,US,New York,10.0.0.1,10073,FALSE,FALSE,5009,FALSE
508,78,2024-01-01 08:27:00,5.94,EUR,Electronics,1088,US,Singapore,10.0.0.1,10081,TRUE,TRUE,5032,FALSE
509,92,2024-01-01 08:28:00,349.53,USD,Jewelry,1065,US,Los Angeles,192.168.1.1,10021,TRUE,TRUE,5012,FALSE
510,69,2024-01-01 08:29:00,27.59,USD,Grocery,1029,US,Lagos,192.168.1.1,10045,TRUE,TRUE,5098,FALSE
511,47,2024-01-01 08:30:00,81.63,USD,Grocery,1002,US,Singapore,172.16.0.5,10090,TRUE,TRUE,5050,FALSE
512,94,2024-01-01 08:31:00,272.13,EUR,Travel,1020,RU,Los Angeles,192.168.1.1,10012,FALSE,TRUE,5031,FALSE
513,62,2024-01-01 08:32:00,35.05,USD,Grocery,1088,US,Los Angeles,192.168.1.1,10032,TRUE,TRUE,5074,FALSE
514,69,2024-01-01 08:33:00,340.71,INR,Jewelry,1083,CA,Moscow,172.16.0.5,10004,TRUE,FALSE,5023,FALSE
515,76,2024-01-01 08:34:00,356.92,USD,Travel,1048,CA,Singapore,192.168.1.1,10089,TRUE,TRUE,5034,TRUE
516,16,2024-01-01 08:35:00,141.64,USD,Travel,1085,US,Singapore,192.168.1.1,10076,TRUE,TRUE,5082,FALSE
517,90,2024-01-01 08:36:00,1.28,USD,Electronics,1084,US,Los Angeles,172.16.0.5,10026,TRUE,TRUE,5069,FALSE
518,90,2024-01-01 08:37:00,67.67,USD,Electronics,1061,US,Los Angeles,8.8.8.8,10077,TRUE,TRUE,5039,FALSE
519,48,2024-01-01 08:38:00,191.91,USD,Grocery,1096,US,Los Angeles,8.8.8.8,10023,TRUE,TRUE,5053,FALSE
520,85,2024-01-01 08:39:00,794.63,USD,Travel,1037,CA,Moscow,192.168.1.1,10066,TRUE,TRUE,5043,FALSE
521,39,2024-01-01 08:40:00,199.83,USD,Electronics,1014,US,Singapore,192.168.1.1,10062,TRUE,TRUE,5061,TRUE
522,100,2024-01-01 08:41:00,60.17,EUR,Jewelry,1051,US,Los Angeles,172.16.0.5,10093,FALSE,TRUE,5098,FALSE
523,33,2024-01-01 08:42:00,201.03,USD,Electronics,1078,US,New York,172.16.0.5,10098,TRUE,TRUE,5067,FALSE
524,94,2024-01-01 08:43:00,155.3,EUR,Electronics,1045,NG,Singapore,8.8.8.8,10047,TRUE,TRUE,5032,FALSE
525,23,2024-01-01 08:44:00,302.69,USD,Travel,1024,SG,Moscow,10.0.0.1,10062,TRUE,TRUE,5076,FALSE
526,10,2024-01-01 08:45:00,22.63,USD,Travel,1020,SG,New York,192.168.1.1,10077,TRUE,FALSE,5055,FALSE
527,69,2024-01-01 08:46:00,286.28,USD,Dining,1087,SG,Toronto,10.0.0.1,10011,TRUE,TRUE,5035,FALSE
528,100,2024-01-01 08:47:00,155.86,USD,Jewelry,1004,US,Singapore,10.0.0.1,10027,FALSE,TRUE,5053,FALSE
529,34,2024-01-01 08:48:00,659.32,USD,Travel,1069,SG,Toronto,172.16.0.5,10043,TRUE,TRUE,5018,FALSE
530,52,2024-01-01 08:49:00,83.67,USD,Grocery,1046,US,Los Angeles,192.168.1.1,10092,TRUE,TRUE,5042,FALSE
531,95,2024-01-01 08:50:00,200.27,USD,Jewelry,1086,CA,Moscow,192.168.1.1,10042,TRUE,TRUE,5011,FALSE
532,10,2024-01-01 08:51:00,537.73,USD,Jewelry,1067,CA,Los Angeles,172.16.0.5,10016,TRUE,TRUE,5010,FALSE
533,19,2024-01-01 08:52:00,21.63,USD,Travel,1090,US,Moscow,10.0.0.1,10039,TRUE,TRUE,5069,FALSE
534,58,2024-01-01 08:53:00,553.65,INR,Jewelry,1017,SG,Lagos,172.16.0.5,10048,FALSE,TRUE,5011,FALSE
535,96,2024-01-01 08:54:00,232.88,EUR,Travel,1020,NG,Los Angeles,8.8.8.8,10084,TRUE,TRUE,5090,FALSE
536,1,2024-01-01 08:55:00,14.05,EUR,Electronics,1091,US,Toronto,192.168.1.1,10056,TRUE,TRUE,5040,FALSE
537,69,2024-01-01 08:56:00,71.61,EUR,Dining,1098,SG,Moscow,8.8.8.8,10086,TRUE,TRUE,5024,FALSE
538,4,2024-01-01 08:57:00,246.32,USD,Electronics,1085,US,Los Angeles,172.16.0.5,10083,TRUE,TRUE,5002,FALSE
539,16,2024-01-01 08:58:00,13.95,USD,Travel,1022,US,Singapore,192.168.1.1,10063,TRUE,TRUE,5002,FALSE
540,24,2024-01-01 08:59:00,174.54,INR,Travel,1063,US,Moscow,8.8.8.8,10074,TRUE,TRUE,5083,FALSE
541,80,2024-01-01 09:00:00,84.89,USD,Electronics,1066,US,Moscow,8.8.8.8,10056,TRUE,TRUE,5027,FALSE
542,2,2024-01-01 09:01:00,194,USD,Grocery,1039,NG,Los Angeles,10.0.0.1,10097,TRUE,FALSE,5022,FALSE
543,92,2024-01-01 09:02:00,9.36,USD,Grocery,1009,NG,Lagos,192.168.1.1,10073,TRUE,TRUE,5047,FALSE
544,32,2024-01-01 09:03:00,410.42,USD,Grocery,1088,SG,Los Angeles,8.8.8.8,10073,TRUE,TRUE,5066,FALSE
545,91,2024-01-01 09:04:00,726.04,USD,Travel,1051,US,Toronto,8.8.8.8,10069,TRUE,TRUE,5041,FALSE
546,84,2024-01-01 09:05:00,693.97,EUR,Jewelry,1071,NG,Toronto,10.0.0.1,10099,TRUE,TRUE,5087,TRUE
547,24,2024-01-01 09:06:00,276.98,USD,Travel,1074,US,Moscow,8.8.8.8,10087,TRUE,TRUE,5039,FALSE
548,12,2024-01-01 09:07:00,27.87,USD,Jewelry,1060,NG,Moscow,8.8.8.8,10075,TRUE,TRUE,5005,FALSE
549,50,2024-01-01 09:08:00,283.98,INR,Electronics,1063,US,Los Angeles,8.8.8.8,10042,TRUE,FALSE,5019,FALSE
550,35,2024-01-01 09:09:00,4.98,USD,Dining,1004,US,Toronto,10.0.0.1,10022,FALSE,TRUE,5010,FALSE
551,33,2024-01-01 09:10:00,4.47,USD,Jewelry,1052,CA,Toronto,8.8.8.8,10026,TRUE,TRUE,5095,FALSE
552,33,2024-01-01 09:11:00,78.2,USD,Grocery,1054,US,Lagos,8.8.8.8,10057,TRUE,TRUE,5026,FALSE
553,61,2024-01-01 09:12:00,134.14,EUR,Travel,1036,US,Singapore,192.168.1.1,10036,TRUE,TRUE,5020,FALSE
554,51,2024-01-01 09:13:00,294.29,INR,Electronics,1055,US,Lagos,192.168.1.1,10005,TRUE,TRUE,5012,TRUE
555,43,2024-01-01 09:14:00,229.96,USD,Grocery,1058,US,New York,10.0.0.1,10064,TRUE,TRUE,5085,FALSE
556,12,2024-01-01 09:15:00,118.08,EUR,Electronics,1092,US,Lagos,172.16.0.5,10005,TRUE,TRUE,5034,FALSE
557,67,2024-01-01 09:16:00,63.94,USD,Dining,1068,US,Los Angeles,192.168.1.1,10049,TRUE,TRUE,5046,FALSE
558,65,2024-01-01 09:17:00,1170.31,INR,Travel,1072,US,Singapore,10.0.0.1,10021,TRUE,TRUE,5085,FALSE
559,33,2024-01-01 09:18:00,111.09,EUR,Travel,1058,US,Los Angeles,8.8.8.8,10087,TRUE,TRUE,5027,TRUE
560,40,2024-01-01 09:19:00,120.07,EUR,Dining,1001,CA,New York,8.8.8.8,10024,FALSE,TRUE,5020,FALSE
561,74,2024-01-01 09:20:00,35.74,USD,Travel,1064,US,Singapore,10.0.0.1,10078,TRUE,TRUE,5017,TRUE
562,43,2024-01-01 09:21:00,316.76,INR,Jewelry,1059,NG,Moscow,8.8.8.8,10089,TRUE,TRUE,5030,FALSE
563,44,2024-01-01 09:22:00,236.63,EUR,Electronics,1050,NG,Toronto,8.8.8.8,10071,TRUE,TRUE,5059,FALSE
564,29,2024-01-01 09:23:00,49.89,USD,Grocery,1029,US,Lagos,172.16.0.5,10050,TRUE,TRUE,5036,FALSE
565,13,2024-01-01 09:24:00,17.19,EUR,Dining,1010,SG,Los Angeles,8.8.8.8,10087,TRUE,TRUE,5020,FALSE
566,12,2024-01-01 09:25:00,228.2,USD,Jewelry,1091,SG,New York,192.168.1.1,10047,TRUE,TRUE,5013,FALSE
567,95,2024-01-01 09:26:00,212.56,EUR,Grocery,1075,RU,Toronto,8.8.8.8,10069,TRUE,TRUE,5088,FALSE
568,46,2024-01-01 09:27:00,63.84,USD,Grocery,1038,US,Lagos,10.0.0.1,10098,TRUE,TRUE,5090,FALSE
569,2,2024-01-01 09:28:00,602.63,EUR,Dining,1089,US,Toronto,172.16.0.5,10064,FALSE,TRUE,5059,FALSE
570,35,2024-01-01 09:29:00,32.75,USD,Jewelry,1076,CA,Lagos,8.8.8.8,10059,FALSE,TRUE,5022,FALSE
571,87,2024-01-01 09:30:00,113.24,USD,Grocery,1071,CA,Moscow,10.0.0.1,10045,TRUE,TRUE,5094,FALSE
572,81,2024-01-01 09:31:00,575.11,USD,Grocery,1062,CA,Singapore,192.168.1.1,10035,TRUE,TRUE,5028,FALSE
573,90,2024-01-01 09:32:00,108.85,USD,Jewelry,1063,US,Toronto,8.8.8.8,10057,TRUE,FALSE,5046,FALSE
574,8,2024-01-01 09:33:00,203.51,USD,Travel,1060,NG,Toronto,172.16.0.5,10075,TRUE,TRUE,5029,FALSE
575,93,2024-01-01 09:34:00,101.36,USD,Grocery,1053,RU,Toronto,8.8.8.8,10037,TRUE,FALSE,5089,FALSE
576,26,2024-01-01 09:35:00,64.1,USD,Electronics,1091,US,Singapore,10.0.0.1,10010,TRUE,TRUE,5083,FALSE
577,74,2024-01-01 09:36:00,826.75,USD,Jewelry,1093,US,New York,172.16.0.5,10011,FALSE,TRUE,5037,FALSE
578,90,2024-01-01 09:37:00,105.3,USD,Grocery,1072,US,Lagos,8.8.8.8,10041,TRUE,TRUE,5082,FALSE
579,34,2024-01-01 09:38:00,449.05,EUR,Dining,1094,SG,Moscow,192.168.1.1,10038,TRUE,FALSE,5026,FALSE
580,7,2024-01-01 09:39:00,52.26,USD,Electronics,1057,CA,Toronto,172.16.0.5,10070,TRUE,TRUE,5088,FALSE
581,68,2024-01-01 09:40:00,47.93,INR,Grocery,1084,CA,Singapore,192.168.1.1,10010,FALSE,TRUE,5086,FALSE
582,58,2024-01-01 09:41:00,6.33,EUR,Electronics,1055,US,New York,10.0.0.1,10035,TRUE,TRUE,5092,FALSE
583,75,2024-01-01 09:42:00,210.92,USD,Electronics,1033,US,Lagos,8.8.8.8,10051,TRUE,TRUE,5014,FALSE
584,29,2024-01-01 09:43:00,91.94,USD,Travel,1030,US,Singapore,192.168.1.1,10030,TRUE,TRUE,5058,FALSE
585,36,2024-01-01 09:44:00,399.55,EUR,Electronics,1051,US,Moscow,10.0.0.1,10032,FALSE,TRUE,5002,FALSE
586,89,2024-01-01 09:45:00,128.19,USD,Travel,1088,SG,Moscow,8.8.8.8,10012,TRUE,TRUE,5009,TRUE
587,21,2024-01-01 09:46:00,689.62,USD,Jewelry,1075,RU,Lagos,10.0.0.1,10017,FALSE,TRUE,5078,FALSE
588,36,2024-01-01 09:47:00,41.04,USD,Travel,1000,NG,Toronto,192.168.1.1,10040,TRUE,TRUE,5079,FALSE
589,10,2024-01-01 09:48:00,405.94,EUR,Dining,1054,NG,Moscow,10.0.0.1,10057,TRUE,TRUE,5016,FALSE
590,73,2024-01-01 09:49:00,299.76,USD,Grocery,1021,US,New York,172.16.0.5,10055,TRUE,TRUE,5082,FALSE
591,24,2024-01-01 09:50:00,294.74,USD,Jewelry,1039,US,Singapore,8.8.8.8,10023,TRUE,TRUE,5010,FALSE
592,64,2024-01-01 09:51:00,372.59,INR,Jewelry,1000,CA,New York,10.0.0.1,10072,TRUE,TRUE,5047,FALSE
593,99,2024-01-01 09:52:00,286.28,EUR,Dining,1064,NG,Toronto,192.168.1.1,10030,FALSE,TRUE,5004,TRUE
594,49,2024-01-01 09:53:00,196.82,USD,Travel,1062,US,New York,8.8.8.8,10054,TRUE,FALSE,5068,FALSE
595,99,2024-01-01 09:54:00,28.14,USD,Grocery,1053,US,New York,172.16.0.5,10009,TRUE,TRUE,5063,FALSE
596,36,2024-01-01 09:55:00,6.61,EUR,Travel,1041,US,Los Angeles,8.8.8.8,10059,TRUE,TRUE,5013,FALSE
597,82,2024-01-01 09:56:00,507.28,USD,Electronics,1020,CA,New York,172.16.0.5,10001,TRUE,TRUE,5049,TRUE
598,96,2024-01-01 09:57:00,191.76,USD,Travel,1078,US,Lagos,8.8.8.8,10014,TRUE,TRUE,5025,FALSE
599,24,2024-01-01 09:58:00,318.45,USD,Jewelry,1080,US,Singapore,10.0.0.1,10002,TRUE,TRUE,5071,FALSE
600,23,2024-01-01 09:59:00,131.37,INR,Grocery,1021,US,Los Angeles,10.0.0.1,10042,TRUE,TRUE,5068,FALSE
601,62,2024-01-01 10:00:00,24.96,USD,Travel,1037,US,Singapore,192.168.1.1,10030,TRUE,TRUE,5006,TRUE
602,96,2024-01-01 10:01:00,26.75,EUR,Grocery,1098,NG,Singapore,172.16.0.5,10069,FALSE,TRUE,5015,FALSE
603,37,2024-01-01 10:02:00,231.4,EUR,Grocery,1079,US,Toronto,192.168.1.1,10066,TRUE,TRUE,5054,FALSE
604,12,2024-01-01 10:03:00,112.53,USD,Electronics,1007,CA,Toronto,10.0.0.1,10055,FALSE,TRUE,5077,FALSE
605,55,2024-01-01 10:04:00,44.76,USD,Electronics,1061,CA,Los Angeles,172.16.0.5,10062,TRUE,TRUE,5055,FALSE
606,13,2024-01-01 10:05:00,135.3,USD,Jewelry,1046,NG,Moscow,192.168.1.1,10074,TRUE,TRUE,5003,FALSE
607,23,2024-01-01 10:06:00,13.27,USD,Dining,1016,US,Toronto,192.168.1.1,10014,TRUE,TRUE,5099,FALSE
608,89,2024-01-01 10:07:00,174.44,USD,Grocery,1016,RU,Toronto,192.168.1.1,10091,TRUE,TRUE,5047,FALSE
609,99,2024-01-01 10:08:00,62.67,EUR,Dining,1089,US,Toronto,192.168.1.1,10009,FALSE,TRUE,5016,FALSE
610,30,2024-01-01 10:09:00,319.46,USD,Jewelry,1012,RU,Singapore,192.168.1.1,10037,TRUE,FALSE,5035,FALSE
611,17,2024-01-01 10:10:00,74.32,EUR,Grocery,1016,NG,Los Angeles,172.16.0.5,10046,TRUE,FALSE,5069,FALSE
612,62,2024-01-01 10:11:00,121.47,USD,Grocery,1037,US,Singapore,192.168.1.1,10056,FALSE,TRUE,5079,TRUE
613,84,2024-01-01 10:12:00,2.34,USD,Dining,1080,US,Lagos,172.16.0.5,10049,TRUE,TRUE,5092,FALSE
614,89,2024-01-01 10:13:00,15.04,USD,Travel,1077,US,Singapore,192.168.1.1,10070,TRUE,TRUE,5099,FALSE
615,86,2024-01-01 10:14:00,99.68,USD,Electronics,1044,US,Lagos,10.0.0.1,10014,TRUE,TRUE,5037,FALSE
616,13,2024-01-01 10:15:00,130.76,EUR,Travel,1005,US,New York,10.0.0.1,10017,FALSE,TRUE,5061,FALSE
617,59,2024-01-01 10:16:00,183.27,USD,Dining,1034,US,New York,192.168.1.1,10081,TRUE,TRUE,5047,FALSE
618,19,2024-01-01 10:17:00,68.97,USD,Electronics,1013,US,Lagos,8.8.8.8,10087,TRUE,FALSE,5009,TRUE
619,49,2024-01-01 10:18:00,237.48,USD,Travel,1071,US,Lagos,10.0.0.1,10001,TRUE,TRUE,5035,FALSE
620,100,2024-01-01 10:19:00,393.4,USD,Electronics,1060,US,Singapore,172.16.0.5,10083,FALSE,TRUE,5028,FALSE
621,12,2024-01-01 10:20:00,302.69,USD,Grocery,1014,US,Lagos,192.168.1.1,10097,TRUE,TRUE,5077,FALSE
622,61,2024-01-01 10:21:00,8.09,USD,Travel,1053,US,Los Angeles,172.16.0.5,10042,TRUE,TRUE,5003,FALSE
623,19,2024-01-01 10:22:00,130.98,INR,Electronics,1026,US,New York,8.8.8.8,10025,TRUE,TRUE,5043,FALSE
624,76,2024-01-01 10:23:00,22.17,USD,Electronics,1012,US,New York,192.168.1.1,10070,FALSE,TRUE,5055,FALSE
625,9,2024-01-01 10:24:00,55.43,EUR,Electronics,1030,US,Moscow,10.0.0.1,10037,FALSE,TRUE,5041,FALSE
626,71,2024-01-01 10:25:00,863.44,USD,Travel,1034,NG,Lagos,172.16.0.5,10093,FALSE,TRUE,5099,FALSE
627,28,2024-01-01 10:26:00,30.75,USD,Jewelry,1059,US,Toronto,10.0.0.1,10041,TRUE,TRUE,5012,FALSE
628,78,2024-01-01 10:27:00,138.19,USD,Travel,1005,US,Toronto,10.0.0.1,10004,TRUE,TRUE,5045,FALSE
629,95,2024-01-01 10:28:00,192.55,USD,Dining,1068,US,Lagos,192.168.1.1,10010,TRUE,TRUE,5081,FALSE
630,52,2024-01-01 10:29:00,242.44,USD,Travel,1085,SG,Los Angeles,172.16.0.5,10064,FALSE,TRUE,5032,FALSE
631,83,2024-01-01 10:30:00,164.04,USD,Electronics,1057,NG,Toronto,8.8.8.8,10033,TRUE,FALSE,5020,FALSE
632,16,2024-01-01 10:31:00,1.96,USD,Grocery,1048,NG,Moscow,10.0.0.1,10000,TRUE,TRUE,5079,FALSE
633,69,2024-01-01 10:32:00,79.04,USD,Travel,1022,CA,Lagos,192.168.1.1,10082,FALSE,TRUE,5078,FALSE
634,99,2024-01-01 10:33:00,145.84,USD,Travel,1088,US,Los Angeles,192.168.1.1,10001,TRUE,TRUE,5056,FALSE
635,12,2024-01-01 10:34:00,18.39,INR,Electronics,1033,US,Los Angeles,8.8.8.8,10084,TRUE,TRUE,5068,FALSE
636,25,2024-01-01 10:35:00,86.35,USD,Grocery,1025,US,Singapore,192.168.1.1,10019,TRUE,TRUE,5069,FALSE
637,52,2024-01-01 10:36:00,6.75,USD,Grocery,1046,NG,Los Angeles,10.0.0.1,10060,TRUE,TRUE,5066,FALSE
638,85,2024-01-01 10:37:00,16.37,USD,Dining,1004,CA,Toronto,192.168.1.1,10086,FALSE,TRUE,5047,TRUE
639,100,2024-01-01 10:38:00,101.14,USD,Travel,1089,CA,Toronto,172.16.0.5,10020,TRUE,TRUE,5075,FALSE
640,53,2024-01-01 10:39:00,28.48,USD,Grocery,1019,US,Lagos,172.16.0.5,10087,TRUE,TRUE,5099,FALSE
641,23,2024-01-01 10:40:00,167.65,USD,Grocery,1005,SG,Lagos,10.0.0.1,10067,TRUE,TRUE,5032,FALSE
642,16,2024-01-01 10:41:00,233.89,USD,Jewelry,1069,US,Los Angeles,172.16.0.5,10011,TRUE,TRUE,5035,FALSE
643,57,2024-01-01 10:42:00,322.48,USD,Jewelry,1058,US,Moscow,8.8.8.8,10021,TRUE,TRUE,5032,FALSE
644,39,2024-01-01 10:43:00,44.67,USD,Grocery,1063,US,New York,192.168.1.1,10019,TRUE,TRUE,5030,TRUE
645,53,2024-01-01 10:44:00,36.66,USD,Dining,1017,US,Singapore,10.0.0.1,10081,TRUE,TRUE,5020,FALSE
646,42,2024-01-01 10:45:00,22.09,USD,Grocery,1003,US,New York,8.8.8.8,10000,TRUE,TRUE,5026,FALSE
647,58,2024-01-01 10:46:00,202.36,USD,Electronics,1016,NG,Los Angeles,192.168.1.1,10029,TRUE,TRUE,5090,FALSE
648,39,2024-01-01 10:47:00,245.16,USD,Travel,1013,US,Los Angeles,8.8.8.8,10096,TRUE,TRUE,5071,FALSE
649,14,2024-01-01 10:48:00,6.42,EUR,Dining,1077,US,New York,10.0.0.1,10023,FALSE,TRUE,5061,FALSE
650,95,2024-01-01 10:49:00,550.44,USD,Electronics,1012,US,Singapore,10.0.0.1,10013,FALSE,TRUE,5095,FALSE
651,5,2024-01-01 10:50:00,10.67,USD,Dining,1006,US,New York,8.8.8.8,10035,FALSE,TRUE,5025,FALSE
652,35,2024-01-01 10:51:00,155.87,USD,Electronics,1043,SG,Lagos,192.168.1.1,10068,TRUE,TRUE,5065,FALSE
653,87,2024-01-01 10:52:00,246.93,INR,Travel,1014,SG,Toronto,172.16.0.5,10074,TRUE,TRUE,5011,FALSE
654,93,2024-01-01 10:53:00,409.54,USD,Travel,1018,CA,Moscow,172.16.0.5,10023,TRUE,TRUE,5021,FALSE
655,75,2024-01-01 10:54:00,250.41,USD,Jewelry,1062,NG,Lagos,8.8.8.8,10059,TRUE,TRUE,5016,FALSE
656,18,2024-01-01 10:55:00,323.62,USD,Electronics,1034,CA,Toronto,10.0.0.1,10094,TRUE,TRUE,5006,FALSE
657,76,2024-01-01 10:56:00,82.94,USD,Jewelry,1080,US,Moscow,192.168.1.1,10054,TRUE,TRUE,5067,FALSE
658,9,2024-01-01 10:57:00,337.29,USD,Electronics,1034,CA,Moscow,192.168.1.1,10076,FALSE,TRUE,5036,FALSE
659,74,2024-01-01 10:58:00,16.7,USD,Jewelry,1018,US,Moscow,10.0.0.1,10079,TRUE,TRUE,5037,FALSE
660,58,2024-01-01 10:59:00,450.41,EUR,Travel,1019,US,Los Angeles,172.16.0.5,10023,TRUE,TRUE,5095,TRUE
661,17,2024-01-01 11:00:00,158.63,USD,Dining,1099,US,Moscow,192.168.1.1,10076,FALSE,TRUE,5010,TRUE
662,7,2024-01-01 11:01:00,339.98,EUR,Jewelry,1034,CA,Singapore,8.8.8.8,10023,TRUE,TRUE,5000,FALSE
663,46,2024-01-01 11:02:00,120.41,INR,Electronics,1031,CA,New York,172.16.0.5,10053,FALSE,TRUE,5024,FALSE
664,13,2024-01-01 11:03:00,206.33,USD,Electronics,1047,US,Singapore,8.8.8.8,10025,FALSE,TRUE,5041,TRUE
665,40,2024-01-01 11:04:00,149.48,USD,Travel,1043,CA,New York,172.16.0.5,10065,FALSE,TRUE,5051,FALSE
666,42,2024-01-01 11:05:00,263.05,USD,Electronics,1023,NG,Lagos,10.0.0.1,10079,TRUE,TRUE,5023,FALSE
667,9,2024-01-01 11:06:00,17.03,USD,Grocery,1060,US,Lagos,8.8.8.8,10037,TRUE,TRUE,5052,TRUE
668,50,2024-01-01 11:07:00,12.45,USD,Dining,1016,US,New York,8.8.8.8,10064,TRUE,TRUE,5055,FALSE
669,27,2024-01-01 11:08:00,56.77,INR,Jewelry,1070,SG,Singapore,10.0.0.1,10074,TRUE,TRUE,5062,FALSE
670,66,2024-01-01 11:09:00,34.76,EUR,Dining,1049,US,New York,8.8.8.8,10050,TRUE,TRUE,5080,FALSE
671,5,2024-01-01 11:10:00,410.81,USD,Travel,1064,CA,Moscow,172.16.0.5,10034,TRUE,TRUE,5007,FALSE
672,29,2024-01-01 11:11:00,49.49,USD,Jewelry,1098,US,Los Angeles,192.168.1.1,10042,TRUE,TRUE,5058,FALSE
673,37,2024-01-01 11:12:00,744.82,EUR,Jewelry,1031,US,Lagos,192.168.1.1,10028,TRUE,TRUE,5044,FALSE
674,38,2024-01-01 11:13:00,82.16,INR,Grocery,1035,CA,Los Angeles,10.0.0.1,10036,FALSE,TRUE,5026,FALSE
675,83,2024-01-01 11:14:00,40.21,EUR,Travel,1012,CA,Moscow,172.16.0.5,10080,FALSE,TRUE,5051,FALSE
676,8,2024-01-01 11:15:00,311.84,USD,Electronics,1069,SG,Moscow,8.8.8.8,10057,TRUE,TRUE,5017,FALSE
677,65,2024-01-01 11:16:00,215,USD,Grocery,1057,NG,Lagos,8.8.8.8,10053,TRUE,TRUE,5090,FALSE
678,86,2024-01-01 11:17:00,137.91,USD,Grocery,1013,SG,Lagos,192.168.1.1,10038,FALSE,TRUE,5085,FALSE
679,17,2024-01-01 11:18:00,162.1,USD,Dining,1036,CA,Moscow,8.8.8.8,10041,TRUE,TRUE,5015,FALSE
680,71,2024-01-01 11:19:00,254.02,USD,Dining,1078,US,Toronto,192.168.1.1,10027,FALSE,TRUE,5065,FALSE
681,89,2024-01-01 11:20:00,51.87,USD,Dining,1067,US,Los Angeles,10.0.0.1,10028,FALSE,TRUE,5004,FALSE
682,45,2024-01-01 11:21:00,1121.73,USD,Grocery,1039,US,Los Angeles,8.8.8.8,10042,TRUE,TRUE,5081,FALSE
683,4,2024-01-01 11:22:00,736.13,USD,Electronics,1058,SG,Toronto,172.16.0.5,10002,FALSE,TRUE,5002,FALSE
684,36,2024-01-01 11:23:00,210.15,USD,Jewelry,1079,US,Singapore,8.8.8.8,10009,TRUE,TRUE,5090,FALSE
685,70,2024-01-01 11:24:00,44.51,USD,Dining,1091,US,Los Angeles,192.168.1.1,10058,TRUE,TRUE,5080,FALSE
686,31,2024-01-01 11:25:00,228.03,USD,Electronics,1015,US,New York,10.0.0.1,10013,TRUE,TRUE,5079,FALSE
687,19,2024-01-01 11:26:00,14.99,USD,Travel,1061,SG,Moscow,192.168.1.1,10075,TRUE,TRUE,5069,FALSE
688,61,2024-01-01 11:27:00,6.23,USD,Dining,1003,NG,Moscow,8.8.8.8,10046,FALSE,TRUE,5006,FALSE
689,54,2024-01-01 11:28:00,59.6,EUR,Jewelry,1044,US,Toronto,192.168.1.1,10041,TRUE,TRUE,5049,FALSE
690,39,2024-01-01 11:29:00,124.21,USD,Travel,1089,NG,Los Angeles,192.168.1.1,10093,TRUE,TRUE,5013,FALSE
691,91,2024-01-01 11:30:00,405.4,USD,Travel,1027,US,Singapore,10.0.0.1,10031,TRUE,TRUE,5037,FALSE
692,74,2024-01-01 11:31:00,259.78,USD,Jewelry,1095,US,Los Angeles,172.16.0.5,10031,FALSE,TRUE,5078,FALSE
693,90,2024-01-01 11:32:00,271.51,INR,Dining,1065,NG,Moscow,8.8.8.8,10041,FALSE,TRUE,5046,FALSE
694,19,2024-01-01 11:33:00,110.85,USD,Grocery,1030,US,Lagos,10.0.0.1,10031,FALSE,TRUE,5032,FALSE
695,39,2024-01-01 11:34:00,84.91,USD,Jewelry,1002,RU,New York,172.16.0.5,10025,TRUE,TRUE,5042,FALSE
696,67,2024-01-01 11:35:00,92.74,USD,Jewelry,1007,US,Toronto,192.168.1.1,10000,TRUE,TRUE,5090,FALSE
697,45,2024-01-01 11:36:00,878.81,USD,Jewelry,1023,US,Lagos,172.16.0.5,10055,TRUE,TRUE,5028,FALSE
698,13,2024-01-01 11:37:00,8.19,USD,Travel,1014,NG,Singapore,192.168.1.1,10001,TRUE,TRUE,5056,FALSE
699,92,2024-01-01 11:38:00,403.53,USD,Electronics,1042,US,Lagos,192.168.1.1,10080,TRUE,TRUE,5004,FALSE
700,58,2024-01-01 11:39:00,172.87,INR,Grocery,1030,RU,Lagos,10.0.0.1,10029,TRUE,TRUE,5092,FALSE
701,20,2024-01-01 11:40:00,115.47,USD,Dining,1072,RU,Singapore,192.168.1.1,10070,TRUE,TRUE,5095,FALSE
702,92,2024-01-01 11:41:00,258.38,EUR,Dining,1044,US,Lagos,10.0.0.1,10051,FALSE,TRUE,5059,FALSE
703,72,2024-01-01 11:42:00,133.37,EUR,Electronics,1065,US,Toronto,172.16.0.5,10090,TRUE,TRUE,5069,FALSE
704,61,2024-01-01 11:43:00,413.38,USD,Jewelry,1007,US,Moscow,172.16.0.5,10008,TRUE,TRUE,5001,FALSE
705,39,2024-01-01 11:44:00,461.93,INR,Grocery,1070,US,Los Angeles,192.168.1.1,10021,TRUE,TRUE,5069,FALSE
706,1,2024-01-01 11:45:00,109.54,USD,Dining,1056,US,Lagos,10.0.0.1,10033,FALSE,TRUE,5042,FALSE
707,3,2024-01-01 11:46:00,64.82,USD,Dining,1079,US,Toronto,192.168.1.1,10048,FALSE,TRUE,5003,FALSE
708,77,2024-01-01 11:47:00,179.47,USD,Jewelry,1098,US,Los Angeles,10.0.0.1,10000,FALSE,TRUE,5055,FALSE
709,92,2024-01-01 11:48:00,486.91,USD,Electronics,1029,US,Los Angeles,10.0.0.1,10072,TRUE,TRUE,5092,TRUE
710,62,2024-01-01 11:49:00,47.31,USD,Grocery,1073,RU,Lagos,10.0.0.1,10083,FALSE,TRUE,5058,FALSE
711,63,2024-01-01 11:50:00,195.08,USD,Electronics,1017,SG,Toronto,172.16.0.5,10052,TRUE,TRUE,5088,FALSE
712,25,2024-01-01 11:51:00,199.7,USD,Electronics,1068,CA,Moscow,10.0.0.1,10082,TRUE,TRUE,5008,TRUE
713,56,2024-01-01 11:52:00,264.19,USD,Grocery,1092,US,Lagos,172.16.0.5,10099,FALSE,TRUE,5002,FALSE
714,33,2024-01-01 11:53:00,28.21,USD,Grocery,1038,SG,Singapore,10.0.0.1,10039,TRUE,TRUE,5089,FALSE
715,38,2024-01-01 11:54:00,251.63,USD,Dining,1059,US,Los Angeles,172.16.0.5,10044,TRUE,TRUE,5047,FALSE
716,6,2024-01-01 11:55:00,479.45,USD,Dining,1097,CA,Lagos,8.8.8.8,10067,TRUE,TRUE,5042,FALSE
717,58,2024-01-01 11:56:00,39.61,USD,Grocery,1042,RU,Los Angeles,172.16.0.5,10008,TRUE,TRUE,5090,FALSE
718,44,2024-01-01 11:57:00,54.24,EUR,Travel,1044,US,Toronto,172.16.0.5,10021,FALSE,TRUE,5099,FALSE
719,45,2024-01-01 11:58:00,710.84,USD,Dining,1022,CA,New York,192.168.1.1,10017,TRUE,TRUE,5095,FALSE
720,32,2024-01-01 11:59:00,39.93,EUR,Travel,1068,SG,Lagos,10.0.0.1,10075,TRUE,TRUE,5000,FALSE
721,45,2024-01-01 12:00:00,385.36,USD,Grocery,1093,NG,Moscow,8.8.8.8,10042,TRUE,TRUE,5056,TRUE
722,61,2024-01-01 12:01:00,135.56,USD,Dining,1005,CA,Lagos,192.168.1.1,10038,TRUE,TRUE,5052,FALSE
723,47,2024-01-01 12:02:00,56.8,USD,Electronics,1055,US,Los Angeles,10.0.0.1,10072,TRUE,TRUE,5015,FALSE
724,21,2024-01-01 12:03:00,409.2,USD,Grocery,1003,US,Toronto,8.8.8.8,10005,TRUE,TRUE,5050,FALSE
725,80,2024-01-01 12:04:00,117.87,USD,Jewelry,1092,US,Singapore,8.8.8.8,10082,TRUE,TRUE,5074,FALSE
726,85,2024-01-01 12:05:00,144.65,EUR,Travel,1022,SG,Moscow,8.8.8.8,10047,TRUE,TRUE,5089,FALSE
727,75,2024-01-01 12:06:00,89.02,USD,Grocery,1005,US,Toronto,10.0.0.1,10006,FALSE,FALSE,5054,FALSE
728,36,2024-01-01 12:07:00,179.76,EUR,Grocery,1031,NG,Lagos,8.8.8.8,10079,TRUE,TRUE,5000,FALSE
729,99,2024-01-01 12:08:00,35.71,EUR,Dining,1017,US,Singapore,8.8.8.8,10068,TRUE,TRUE,5089,FALSE
730,19,2024-01-01 12:09:00,99.21,EUR,Dining,1014,US,Toronto,192.168.1.1,10015,TRUE,FALSE,5027,FALSE
731,20,2024-01-01 12:10:00,697.43,INR,Dining,1039,US,New York,172.16.0.5,10000,TRUE,FALSE,5052,FALSE
732,57,2024-01-01 12:11:00,59.72,USD,Jewelry,1095,CA,Moscow,10.0.0.1,10036,FALSE,TRUE,5057,FALSE
733,18,2024-01-01 12:12:00,213.85,USD,Dining,1072,US,Los Angeles,172.16.0.5,10082,FALSE,TRUE,5072,FALSE
734,47,2024-01-01 12:13:00,78.66,USD,Grocery,1073,US,Toronto,192.168.1.1,10036,TRUE,TRUE,5059,FALSE
735,49,2024-01-01 12:14:00,296.98,USD,Dining,1083,US,Toronto,172.16.0.5,10080,FALSE,FALSE,5058,FALSE
736,14,2024-01-01 12:15:00,28.05,USD,Electronics,1005,US,New York,8.8.8.8,10063,TRUE,TRUE,5021,FALSE
737,15,2024-01-01 12:16:00,700.12,EUR,Dining,1062,US,Lagos,8.8.8.8,10089,TRUE,TRUE,5007,FALSE
738,31,2024-01-01 12:17:00,120.95,USD,Jewelry,1066,SG,Moscow,10.0.0.1,10085,TRUE,TRUE,5048,TRUE
739,1,2024-01-01 12:18:00,53.85,USD,Electronics,1010,US,Moscow,10.0.0.1,10061,TRUE,TRUE,5041,FALSE
740,54,2024-01-01 12:19:00,15.27,USD,Grocery,1042,US,Los Angeles,10.0.0.1,10071,TRUE,TRUE,5026,FALSE
741,3,2024-01-01 12:20:00,37.21,USD,Grocery,1016,SG,Toronto,192.168.1.1,10060,FALSE,TRUE,5038,TRUE
742,16,2024-01-01 12:21:00,146.7,USD,Travel,1095,RU,Singapore,10.0.0.1,10032,TRUE,TRUE,5082,FALSE
743,87,2024-01-01 12:22:00,82.2,EUR,Electronics,1003,CA,Toronto,192.168.1.1,10065,FALSE,TRUE,5024,FALSE
744,57,2024-01-01 12:23:00,353.08,USD,Travel,1062,US,Los Angeles,8.8.8.8,10029,FALSE,TRUE,5037,FALSE
745,75,2024-01-01 12:24:00,112.74,USD,Electronics,1067,NG,Toronto,172.16.0.5,10019,TRUE,TRUE,5084,FALSE
746,12,2024-01-01 12:25:00,57.19,USD,Electronics,1080,RU,New York,8.8.8.8,10059,TRUE,TRUE,5023,FALSE
747,74,2024-01-01 12:26:00,192.02,USD,Jewelry,1040,SG,Toronto,8.8.8.8,10081,TRUE,TRUE,5023,FALSE
748,96,2024-01-01 12:27:00,245.36,USD,Travel,1082,US,Toronto,8.8.8.8,10073,FALSE,TRUE,5059,TRUE
749,16,2024-01-01 12:28:00,36.55,USD,Jewelry,1004,US,Singapore,10.0.0.1,10023,TRUE,TRUE,5082,FALSE
750,72,2024-01-01 12:29:00,36.69,USD,Electronics,1031,CA,New York,10.0.0.1,10003,TRUE,TRUE,5049,TRUE
751,76,2024-01-01 12:30:00,7.47,USD,Grocery,1085,US,New York,10.0.0.1,10036,TRUE,TRUE,5065,FALSE
752,24,2024-01-01 12:31:00,266.67,USD,Electronics,1069,US,Toronto,172.16.0.5,10003,TRUE,TRUE,5013,FALSE
753,28,2024-01-01 12:32:00,218.01,USD,Jewelry,1034,SG,Moscow,10.0.0.1,10076,TRUE,TRUE,5052,FALSE
754,8,2024-01-01 12:33:00,128.73,USD,Travel,1021,CA,Singapore,192.168.1.1,10088,TRUE,TRUE,5031,FALSE
755,92,2024-01-01 12:34:00,371.8,USD,Travel,1064,US,Toronto,8.8.8.8,10076,TRUE,TRUE,5095,FALSE
756,36,2024-01-01 12:35:00,327.64,USD,Jewelry,1083,CA,Toronto,172.16.0.5,10017,TRUE,TRUE,5091,FALSE
757,90,2024-01-01 12:36:00,176.07,INR,Travel,1021,US,Los Angeles,172.16.0.5,10087,TRUE,TRUE,5047,FALSE
758,8,2024-01-01 12:37:00,405.4,USD,Dining,1010,US,Los Angeles,172.16.0.5,10065,TRUE,TRUE,5038,FALSE
759,58,2024-01-01 12:38:00,46.09,USD,Grocery,1076,SG,Moscow,172.16.0.5,10047,TRUE,TRUE,5039,FALSE
760,60,2024-01-01 12:39:00,23.74,USD,Grocery,1002,US,Singapore,172.16.0.5,10032,TRUE,TRUE,5041,FALSE
761,50,2024-01-01 12:40:00,62.87,USD,Grocery,1008,US,Lagos,192.168.1.1,10057,TRUE,TRUE,5076,FALSE
762,28,2024-01-01 12:41:00,11.76,USD,Travel,1059,RU,Los Angeles,8.8.8.8,10082,TRUE,TRUE,5075,FALSE
763,92,2024-01-01 12:42:00,151.5,USD,Travel,1075,US,Lagos,172.16.0.5,10072,TRUE,TRUE,5007,TRUE
764,41,2024-01-01 12:43:00,551.68,INR,Electronics,1086,US,New York,8.8.8.8,10027,TRUE,TRUE,5078,FALSE
765,100,2024-01-01 12:44:00,8.03,USD,Electronics,1013,RU,Los Angeles,10.0.0.1,10034,TRUE,TRUE,5025,FALSE
766,64,2024-01-01 12:45:00,26.05,USD,Grocery,1096,CA,Los Angeles,172.16.0.5,10009,TRUE,TRUE,5011,FALSE
767,27,2024-01-01 12:46:00,120.37,USD,Dining,1017,CA,Singapore,172.16.0.5,10064,TRUE,TRUE,5042,FALSE
768,63,2024-01-01 12:47:00,543.24,USD,Electronics,1072,NG,Moscow,8.8.8.8,10041,FALSE,TRUE,5050,FALSE
769,17,2024-01-01 12:48:00,76.01,USD,Electronics,1022,US,Lagos,172.16.0.5,10084,FALSE,TRUE,5090,FALSE
770,73,2024-01-01 12:49:00,141.54,USD,Travel,1073,CA,Los Angeles,172.16.0.5,10008,FALSE,TRUE,5081,FALSE
771,33,2024-01-01 12:50:00,8.49,EUR,Dining,1082,US,Los Angeles,172.16.0.5,10059,FALSE,TRUE,5099,FALSE
772,84,2024-01-01 12:51:00,32.11,USD,Grocery,1046,SG,Singapore,192.168.1.1,10014,TRUE,TRUE,5062,FALSE
773,77,2024-01-01 12:52:00,862.95,USD,Electronics,1068,US,Singapore,192.168.1.1,10098,TRUE,TRUE,5048,FALSE
774,92,2024-01-01 12:53:00,671.16,INR,Dining,1046,CA,Moscow,172.16.0.5,10056,TRUE,TRUE,5026,FALSE
775,29,2024-01-01 12:54:00,0.99,USD,Dining,1086,US,Lagos,192.168.1.1,10068,TRUE,TRUE,5008,FALSE
776,13,2024-01-01 12:55:00,606.53,INR,Grocery,1029,US,New York,10.0.0.1,10021,TRUE,TRUE,5038,FALSE
777,46,2024-01-01 12:56:00,203.84,USD,Dining,1024,SG,Moscow,172.16.0.5,10063,FALSE,TRUE,5064,TRUE
778,35,2024-01-01 12:57:00,404.87,EUR,Dining,1027,CA,New York,10.0.0.1,10040,TRUE,TRUE,5070,FALSE
779,6,2024-01-01 12:58:00,121.3,USD,Dining,1097,CA,Toronto,8.8.8.8,10086,TRUE,TRUE,5089,TRUE
780,82,2024-01-01 12:59:00,144.97,EUR,Electronics,1024,US,Los Angeles,10.0.0.1,10070,TRUE,TRUE,5070,TRUE
781,69,2024-01-01 13:00:00,134.22,INR,Grocery,1073,US,Lagos,8.8.8.8,10055,TRUE,TRUE,5006,TRUE
782,47,2024-01-01 13:01:00,219.84,USD,Dining,1077,CA,Moscow,172.16.0.5,10022,TRUE,TRUE,5071,FALSE
783,25,2024-01-01 13:02:00,30.08,INR,Dining,1057,SG,Los Angeles,8.8.8.8,10024,FALSE,TRUE,5079,FALSE
784,66,2024-01-01 13:03:00,6.09,USD,Electronics,1093,CA,Lagos,8.8.8.8,10090,TRUE,TRUE,5066,FALSE
785,10,2024-01-01 13:04:00,73.61,USD,Grocery,1040,NG,Lagos,10.0.0.1,10005,FALSE,TRUE,5009,FALSE
786,56,2024-01-01 13:05:00,243.94,USD,Travel,1024,SG,Lagos,10.0.0.1,10033,TRUE,TRUE,5070,FALSE
787,30,2024-01-01 13:06:00,45.09,USD,Electronics,1077,US,Los Angeles,10.0.0.1,10062,FALSE,TRUE,5084,FALSE
788,5,2024-01-01 13:07:00,223.82,USD,Grocery,1098,CA,Moscow,172.16.0.5,10008,TRUE,TRUE,5052,FALSE
789,33,2024-01-01 13:08:00,700.73,USD,Dining,1047,NG,Singapore,172.16.0.5,10059,TRUE,TRUE,5094,FALSE
790,65,2024-01-01 13:09:00,19.72,USD,Grocery,1097,CA,Los Angeles,10.0.0.1,10048,TRUE,TRUE,5086,FALSE
791,18,2024-01-01 13:10:00,223.32,EUR,Grocery,1009,SG,Lagos,172.16.0.5,10096,FALSE,TRUE,5056,TRUE
792,96,2024-01-01 13:11:00,117.31,EUR,Grocery,1098,CA,Moscow,172.16.0.5,10050,FALSE,TRUE,5090,FALSE
793,49,2024-01-01 13:12:00,405.21,USD,Travel,1074,US,Toronto,8.8.8.8,10059,TRUE,TRUE,5085,FALSE
794,11,2024-01-01 13:13:00,39,USD,Grocery,1010,US,New York,8.8.8.8,10069,TRUE,TRUE,5026,FALSE
795,85,2024-01-01 13:14:00,235.94,USD,Travel,1084,US,Lagos,10.0.0.1,10036,FALSE,TRUE,5053,FALSE
796,26,2024-01-01 13:15:00,364.17,USD,Dining,1020,RU,Toronto,172.16.0.5,10030,TRUE,TRUE,5003,FALSE
797,63,2024-01-01 13:16:00,578.69,USD,Travel,1085,CA,Singapore,8.8.8.8,10097,TRUE,TRUE,5087,FALSE
798,89,2024-01-01 13:17:00,229.93,USD,Dining,1044,US,Lagos,192.168.1.1,10040,TRUE,TRUE,5022,FALSE
799,86,2024-01-01 13:18:00,137.5,USD,Dining,1006,NG,Toronto,172.16.0.5,10061,TRUE,TRUE,5047,TRUE
800,59,2024-01-01 13:19:00,192.39,INR,Travel,1080,US,Lagos,192.168.1.1,10092,FALSE,TRUE,5082,FALSE
801,27,2024-01-01 13:20:00,406.37,USD,Electronics,1063,US,Los Angeles,10.0.0.1,10057,FALSE,TRUE,5041,FALSE
802,49,2024-01-01 13:21:00,169.08,USD,Jewelry,1063,SG,Moscow,172.16.0.5,10013,TRUE,TRUE,5002,FALSE
803,77,2024-01-01 13:22:00,6.17,USD,Grocery,1001,CA,Toronto,10.0.0.1,10035,TRUE,TRUE,5090,FALSE
804,33,2024-01-01 13:23:00,534.58,USD,Jewelry,1075,US,Moscow,10.0.0.1,10035,FALSE,TRUE,5002,FALSE
805,98,2024-01-01 13:24:00,233.93,USD,Grocery,1041,US,Los Angeles,10.0.0.1,10078,TRUE,TRUE,5027,FALSE
806,99,2024-01-01 13:25:00,225.72,USD,Grocery,1081,US,Los Angeles,10.0.0.1,10007,FALSE,TRUE,5062,FALSE
807,1,2024-01-01 13:26:00,48.59,USD,Dining,1053,US,Moscow,10.0.0.1,10025,TRUE,TRUE,5080,TRUE
808,21,2024-01-01 13:27:00,215.11,USD,Grocery,1074,US,Toronto,172.16.0.5,10035,TRUE,TRUE,5030,FALSE
809,55,2024-01-01 13:28:00,100.13,INR,Grocery,1015,US,Moscow,192.168.1.1,10047,FALSE,TRUE,5009,FALSE
810,6,2024-01-01 13:29:00,210.67,EUR,Travel,1017,US,Moscow,172.16.0.5,10084,TRUE,TRUE,5048,FALSE
811,92,2024-01-01 13:30:00,22.54,USD,Jewelry,1098,US,New York,172.16.0.5,10027,TRUE,FALSE,5085,FALSE
812,81,2024-01-01 13:31:00,214.5,USD,Travel,1058,US,Toronto,172.16.0.5,10067,TRUE,TRUE,5093,FALSE
813,69,2024-01-01 13:32:00,1488.34,USD,Grocery,1089,US,New York,8.8.8.8,10061,TRUE,TRUE,5020,FALSE
814,95,2024-01-01 13:33:00,9.88,USD,Dining,1015,NG,Lagos,8.8.8.8,10079,TRUE,TRUE,5099,FALSE
815,5,2024-01-01 13:34:00,755.97,USD,Travel,1005,CA,Moscow,172.16.0.5,10085,FALSE,TRUE,5052,FALSE
816,3,2024-01-01 13:35:00,104.48,USD,Travel,1056,US,Lagos,192.168.1.1,10075,FALSE,TRUE,5086,FALSE
817,53,2024-01-01 13:36:00,409.21,USD,Electronics,1046,US,Toronto,172.16.0.5,10079,TRUE,TRUE,5075,FALSE
818,23,2024-01-01 13:37:00,305.01,USD,Grocery,1047,US,Moscow,10.0.0.1,10050,TRUE,TRUE,5088,FALSE
819,53,2024-01-01 13:38:00,167.41,USD,Dining,1041,US,Lagos,8.8.8.8,10041,TRUE,TRUE,5053,FALSE
820,37,2024-01-01 13:39:00,268.23,INR,Travel,1075,US,Singapore,8.8.8.8,10028,TRUE,TRUE,5056,FALSE
821,74,2024-01-01 13:40:00,421.59,INR,Travel,1059,US,Los Angeles,172.16.0.5,10081,TRUE,TRUE,5019,TRUE
822,74,2024-01-01 13:41:00,103.55,EUR,Dining,1076,US,Moscow,172.16.0.5,10009,FALSE,TRUE,5048,FALSE
823,83,2024-01-01 13:42:00,79.21,USD,Grocery,1003,SG,Los Angeles,192.168.1.1,10038,TRUE,TRUE,5006,FALSE
824,17,2024-01-01 13:43:00,220.28,EUR,Electronics,1001,US,New York,192.168.1.1,10081,FALSE,TRUE,5028,FALSE
825,85,2024-01-01 13:44:00,329.89,USD,Travel,1089,US,Lagos,10.0.0.1,10000,TRUE,TRUE,5047,FALSE
826,78,2024-01-01 13:45:00,287.34,EUR,Electronics,1058,SG,New York,172.16.0.5,10038,TRUE,TRUE,5092,FALSE
827,73,2024-01-01 13:46:00,319.71,USD,Jewelry,1026,US,Moscow,172.16.0.5,10020,TRUE,TRUE,5012,FALSE
828,1,2024-01-01 13:47:00,114.39,EUR,Grocery,1026,US,Los Angeles,172.16.0.5,10064,TRUE,TRUE,5002,FALSE
829,51,2024-01-01 13:48:00,340.57,USD,Jewelry,1078,US,Los Angeles,8.8.8.8,10014,TRUE,TRUE,5001,FALSE
830,45,2024-01-01 13:49:00,25.61,EUR,Jewelry,1071,US,Lagos,10.0.0.1,10003,FALSE,TRUE,5015,FALSE
831,77,2024-01-01 13:50:00,157.27,INR,Jewelry,1006,CA,Moscow,192.168.1.1,10059,TRUE,TRUE,5093,FALSE
832,4,2024-01-01 13:51:00,1.16,USD,Grocery,1062,US,Singapore,8.8.8.8,10060,FALSE,TRUE,5005,FALSE
833,62,2024-01-01 13:52:00,78.49,USD,Grocery,1045,US,Singapore,8.8.8.8,10019,TRUE,TRUE,5044,FALSE
834,65,2024-01-01 13:53:00,91.29,INR,Dining,1062,US,Lagos,8.8.8.8,10009,FALSE,TRUE,5070,FALSE
835,32,2024-01-01 13:54:00,100.89,USD,Electronics,1011,US,Moscow,8.8.8.8,10086,TRUE,TRUE,5004,TRUE
836,34,2024-01-01 13:55:00,237.8,EUR,Electronics,1012,NG,Lagos,10.0.0.1,10033,FALSE,TRUE,5055,FALSE
837,92,2024-01-01 13:56:00,98.39,USD,Dining,1042,CA,Moscow,172.16.0.5,10047,TRUE,TRUE,5070,FALSE
838,95,2024-01-01 13:57:00,119.09,USD,Dining,1016,US,New York,192.168.1.1,10032,FALSE,TRUE,5097,FALSE
839,72,2024-01-01 13:58:00,54.24,USD,Jewelry,1062,US,Lagos,192.168.1.1,10097,FALSE,TRUE,5031,FALSE
840,39,2024-01-01 13:59:00,93.44,USD,Dining,1080,US,Moscow,8.8.8.8,10060,TRUE,TRUE,5048,FALSE
841,26,2024-01-01 14:00:00,51.57,EUR,Travel,1035,NG,Singapore,8.8.8.8,10009,TRUE,TRUE,5012,FALSE
842,34,2024-01-01 14:01:00,15.2,USD,Electronics,1084,US,Moscow,10.0.0.1,10053,TRUE,TRUE,5029,FALSE
843,54,2024-01-01 14:02:00,184.99,USD,Dining,1007,US,Moscow,8.8.8.8,10083,FALSE,TRUE,5024,FALSE
844,3,2024-01-01 14:03:00,220.65,USD,Travel,1068,US,Lagos,192.168.1.1,10064,TRUE,TRUE,5084,FALSE
845,50,2024-01-01 14:04:00,193.25,USD,Travel,1089,US,New York,192.168.1.1,10076,TRUE,TRUE,5059,FALSE
846,12,2024-01-01 14:05:00,124.54,EUR,Travel,1079,US,New York,172.16.0.5,10000,TRUE,TRUE,5058,FALSE
847,65,2024-01-01 14:06:00,95.54,INR,Travel,1035,US,New York,172.16.0.5,10004,TRUE,TRUE,5084,FALSE
848,54,2024-01-01 14:07:00,398.04,USD,Jewelry,1027,US,New York,192.168.1.1,10079,FALSE,TRUE,5027,FALSE
849,5,2024-01-01 14:08:00,146.41,EUR,Travel,1092,US,Toronto,192.168.1.1,10014,TRUE,TRUE,5057,FALSE
850,94,2024-01-01 14:09:00,130.47,EUR,Jewelry,1046,US,Lagos,10.0.0.1,10027,TRUE,FALSE,5019,TRUE
851,94,2024-01-01 14:10:00,5.2,USD,Jewelry,1075,NG,Los Angeles,10.0.0.1,10094,FALSE,TRUE,5033,FALSE
852,57,2024-01-01 14:11:00,83.48,INR,Travel,1029,US,Lagos,192.168.1.1,10022,TRUE,TRUE,5004,FALSE
853,17,2024-01-01 14:12:00,95.67,USD,Electronics,1022,US,Toronto,8.8.8.8,10016,TRUE,TRUE,5081,TRUE
854,47,2024-01-01 14:13:00,101.77,USD,Travel,1015,CA,New York,172.16.0.5,10097,TRUE,TRUE,5059,FALSE
855,23,2024-01-01 14:14:00,173.58,EUR,Travel,1013,US,Toronto,192.168.1.1,10012,TRUE,TRUE,5042,FALSE
856,79,2024-01-01 14:15:00,152.54,USD,Travel,1073,CA,Singapore,8.8.8.8,10013,TRUE,TRUE,5056,FALSE
857,85,2024-01-01 14:16:00,187.25,EUR,Electronics,1070,SG,Singapore,192.168.1.1,10010,FALSE,TRUE,5056,FALSE
858,14,2024-01-01 14:17:00,289.53,EUR,Grocery,1051,US,Lagos,172.16.0.5,10027,TRUE,TRUE,5074,TRUE
859,66,2024-01-01 14:18:00,335.31,USD,Grocery,1036,NG,Lagos,172.16.0.5,10041,TRUE,TRUE,5053,FALSE
860,75,2024-01-01 14:19:00,253.26,EUR,Jewelry,1028,US,Los Angeles,10.0.0.1,10095,TRUE,TRUE,5080,FALSE
861,51,2024-01-01 14:20:00,622.56,USD,Jewelry,1066,US,Los Angeles,10.0.0.1,10098,TRUE,TRUE,5044,FALSE
862,38,2024-01-01 14:21:00,3.68,USD,Electronics,1014,US,Singapore,10.0.0.1,10060,FALSE,TRUE,5085,FALSE
863,64,2024-01-01 14:22:00,43.58,USD,Dining,1099,US,New York,10.0.0.1,10063,TRUE,TRUE,5036,FALSE
864,98,2024-01-01 14:23:00,1.52,INR,Grocery,1046,CA,Toronto,172.16.0.5,10030,TRUE,TRUE,5083,FALSE
865,38,2024-01-01 14:24:00,208.53,USD,Jewelry,1045,SG,Los Angeles,8.8.8.8,10080,TRUE,TRUE,5047,FALSE
866,50,2024-01-01 14:25:00,456.62,USD,Grocery,1051,SG,Moscow,8.8.8.8,10072,TRUE,TRUE,5053,FALSE
867,98,2024-01-01 14:26:00,55.81,USD,Electronics,1018,RU,Los Angeles,8.8.8.8,10009,TRUE,TRUE,5047,FALSE
868,82,2024-01-01 14:27:00,523.55,EUR,Electronics,1076,SG,New York,192.168.1.1,10007,TRUE,TRUE,5005,FALSE
869,30,2024-01-01 14:28:00,12.43,USD,Dining,1020,CA,New York,10.0.0.1,10020,TRUE,FALSE,5033,FALSE
870,79,2024-01-01 14:29:00,544.95,USD,Dining,1063,US,Lagos,10.0.0.1,10076,FALSE,TRUE,5062,FALSE
871,91,2024-01-01 14:30:00,86.66,USD,Electronics,1036,US,Toronto,172.16.0.5,10058,TRUE,TRUE,5077,FALSE
872,51,2024-01-01 14:31:00,21.39,USD,Jewelry,1026,US,New York,172.16.0.5,10049,FALSE,TRUE,5047,FALSE
873,63,2024-01-01 14:32:00,133.06,EUR,Grocery,1054,CA,Los Angeles,192.168.1.1,10068,FALSE,TRUE,5022,FALSE
874,98,2024-01-01 14:33:00,59.35,USD,Travel,1028,US,Los Angeles,192.168.1.1,10069,TRUE,TRUE,5083,FALSE
875,52,2024-01-01 14:34:00,67.06,USD,Dining,1019,US,Singapore,8.8.8.8,10029,TRUE,TRUE,5012,FALSE
876,38,2024-01-01 14:35:00,73.43,INR,Travel,1024,US,New York,172.16.0.5,10094,TRUE,TRUE,5046,FALSE
877,97,2024-01-01 14:36:00,324.94,USD,Jewelry,1069,US,Moscow,10.0.0.1,10016,TRUE,TRUE,5043,FALSE
878,88,2024-01-01 14:37:00,154.94,INR,Dining,1062,US,Lagos,8.8.8.8,10074,FALSE,TRUE,5031,FALSE
879,79,2024-01-01 14:38:00,74.59,USD,Travel,1035,US,Toronto,10.0.0.1,10019,TRUE,TRUE,5025,FALSE
880,30,2024-01-01 14:39:00,188.49,EUR,Jewelry,1001,CA,Moscow,8.8.8.8,10047,TRUE,TRUE,5052,FALSE
881,51,2024-01-01 14:40:00,251.86,USD,Grocery,1021,US,Lagos,10.0.0.1,10072,TRUE,TRUE,5013,TRUE
882,81,2024-01-01 14:41:00,63.66,USD,Jewelry,1095,CA,Los Angeles,192.168.1.1,10001,TRUE,TRUE,5051,FALSE
883,5,2024-01-01 14:42:00,106.73,EUR,Dining,1015,US,Moscow,8.8.8.8,10036,TRUE,TRUE,5035,FALSE
884,29,2024-01-01 14:43:00,26,EUR,Electronics,1017,US,Lagos,10.0.0.1,10000,FALSE,TRUE,5007,FALSE
885,4,2024-01-01 14:44:00,39.97,EUR,Grocery,1068,US,Los Angeles,10.0.0.1,10003,TRUE,TRUE,5039,FALSE
886,10,2024-01-01 14:45:00,228.59,USD,Travel,1053,US,Los Angeles,172.16.0.5,10099,FALSE,TRUE,5085,TRUE
887,56,2024-01-01 14:46:00,40.04,EUR,Dining,1099,US,Los Angeles,8.8.8.8,10053,TRUE,TRUE,5021,FALSE
888,17,2024-01-01 14:47:00,148.96,EUR,Electronics,1029,US,Los Angeles,10.0.0.1,10024,TRUE,TRUE,5015,FALSE
889,74,2024-01-01 14:48:00,246.92,USD,Jewelry,1044,US,Los Angeles,172.16.0.5,10002,TRUE,TRUE,5090,FALSE
890,17,2024-01-01 14:49:00,22.61,EUR,Electronics,1018,US,Singapore,10.0.0.1,10008,TRUE,TRUE,5059,FALSE
891,84,2024-01-01 14:50:00,167.55,EUR,Dining,1086,US,Moscow,8.8.8.8,10085,TRUE,FALSE,5059,FALSE
892,88,2024-01-01 14:51:00,59.29,USD,Dining,1033,CA,Lagos,192.168.1.1,10086,FALSE,TRUE,5009,FALSE
893,69,2024-01-01 14:52:00,658.97,USD,Electronics,1012,SG,Singapore,8.8.8.8,10075,FALSE,TRUE,5024,FALSE
894,34,2024-01-01 14:53:00,132.15,USD,Jewelry,1042,US,Singapore,8.8.8.8,10073,TRUE,TRUE,5030,FALSE
895,6,2024-01-01 14:54:00,327.97,USD,Electronics,1061,RU,New York,10.0.0.1,10033,TRUE,TRUE,5020,FALSE
896,53,2024-01-01 14:55:00,159.8,USD,Dining,1092,US,New York,10.0.0.1,10042,TRUE,TRUE,5090,FALSE
897,66,2024-01-01 14:56:00,8.88,USD,Dining,1099,CA,New York,8.8.8.8,10073,FALSE,TRUE,5080,FALSE
898,77,2024-01-01 14:57:00,200.56,USD,Travel,1021,CA,Toronto,172.16.0.5,10093,TRUE,TRUE,5032,FALSE
899,43,2024-01-01 14:58:00,604.84,USD,Travel,1051,CA,New York,172.16.0.5,10021,FALSE,TRUE,5030,FALSE
900,75,2024-01-01 14:59:00,184.07,USD,Grocery,1051,US,Lagos,172.16.0.5,10069,TRUE,TRUE,5089,FALSE
901,23,2024-01-01 15:00:00,342.06,EUR,Dining,1035,US,Singapore,10.0.0.1,10001,TRUE,TRUE,5020,FALSE
902,55,2024-01-01 15:01:00,431.19,INR,Travel,1072,US,Lagos,10.0.0.1,10093,FALSE,TRUE,5035,FALSE
903,80,2024-01-01 15:02:00,51.77,USD,Electronics,1018,US,Moscow,8.8.8.8,10065,TRUE,TRUE,5064,FALSE
904,95,2024-01-01 15:03:00,47.66,INR,Jewelry,1037,US,New York,192.168.1.1,10031,TRUE,TRUE,5003,FALSE
905,75,2024-01-01 15:04:00,188.83,USD,Electronics,1069,US,Toronto,10.0.0.1,10015,TRUE,TRUE,5067,FALSE
906,16,2024-01-01 15:05:00,105.88,USD,Jewelry,1078,US,Moscow,8.8.8.8,10075,TRUE,TRUE,5089,FALSE
907,8,2024-01-01 15:06:00,366.34,USD,Travel,1056,US,Toronto,8.8.8.8,10000,TRUE,TRUE,5003,FALSE
908,4,2024-01-01 15:07:00,460.56,USD,Grocery,1019,CA,Moscow,192.168.1.1,10071,TRUE,TRUE,5008,FALSE
909,4,2024-01-01 15:08:00,87.21,EUR,Electronics,1008,NG,Singapore,172.16.0.5,10047,FALSE,TRUE,5029,FALSE
910,56,2024-01-01 15:09:00,54.07,EUR,Electronics,1031,NG,Lagos,8.8.8.8,10049,TRUE,TRUE,5044,FALSE
911,25,2024-01-01 15:10:00,303.3,USD,Electronics,1003,US,Los Angeles,8.8.8.8,10012,FALSE,TRUE,5003,FALSE
912,67,2024-01-01 15:11:00,64.26,USD,Jewelry,1049,CA,Lagos,8.8.8.8,10014,TRUE,TRUE,5068,FALSE
913,96,2024-01-01 15:12:00,345.89,USD,Travel,1081,NG,New York,172.16.0.5,10052,TRUE,TRUE,5022,FALSE
914,67,2024-01-01 15:13:00,110.24,USD,Electronics,1004,US,Los Angeles,172.16.0.5,10043,TRUE,TRUE,5015,FALSE
915,27,2024-01-01 15:14:00,220.25,USD,Electronics,1019,US,Toronto,192.168.1.1,10007,TRUE,TRUE,5021,FALSE
916,93,2024-01-01 15:15:00,20.08,USD,Grocery,1086,NG,Singapore,10.0.0.1,10073,TRUE,TRUE,5071,FALSE
917,32,2024-01-01 15:16:00,195.56,EUR,Grocery,1074,US,Singapore,172.16.0.5,10045,FALSE,TRUE,5047,FALSE
918,50,2024-01-01 15:17:00,120.21,INR,Travel,1036,US,Toronto,10.0.0.1,10068,TRUE,FALSE,5061,FALSE
919,61,2024-01-01 15:18:00,176.67,USD,Travel,1021,US,New York,10.0.0.1,10018,TRUE,TRUE,5096,FALSE
920,51,2024-01-01 15:19:00,36.79,INR,Dining,1057,US,Toronto,172.16.0.5,10037,TRUE,TRUE,5059,FALSE
921,19,2024-01-01 15:20:00,267.02,USD,Grocery,1067,SG,Moscow,8.8.8.8,10010,FALSE,TRUE,5079,FALSE
922,21,2024-01-01 15:21:00,397.26,USD,Dining,1092,CA,New York,192.168.1.1,10042,FALSE,TRUE,5004,TRUE
923,5,2024-01-01 15:22:00,48.86,USD,Jewelry,1043,US,Los Angeles,10.0.0.1,10019,TRUE,TRUE,5079,TRUE
924,82,2024-01-01 15:23:00,20.12,USD,Dining,1033,US,Toronto,8.8.8.8,10019,TRUE,TRUE,5006,FALSE
925,92,2024-01-01 15:24:00,4.78,INR,Electronics,1076,US,New York,172.16.0.5,10020,TRUE,TRUE,5050,FALSE
926,42,2024-01-01 15:25:00,205.43,USD,Dining,1041,US,Los Angeles,10.0.0.1,10081,TRUE,TRUE,5064,FALSE
927,61,2024-01-01 15:26:00,186.84,USD,Travel,1008,US,Toronto,10.0.0.1,10056,TRUE,TRUE,5008,FALSE
928,22,2024-01-01 15:27:00,158.24,USD,Jewelry,1094,NG,Singapore,10.0.0.1,10049,TRUE,TRUE,5081,FALSE
929,21,2024-01-01 15:28:00,52.78,USD,Electronics,1006,US,Toronto,8.8.8.8,10073,TRUE,TRUE,5044,FALSE
930,70,2024-01-01 15:29:00,99.16,EUR,Dining,1067,US,Lagos,8.8.8.8,10097,TRUE,TRUE,5046,FALSE
931,1,2024-01-01 15:30:00,180.52,USD,Jewelry,1018,CA,Toronto,8.8.8.8,10025,TRUE,TRUE,5066,FALSE
932,5,2024-01-01 15:31:00,137.34,USD,Jewelry,1093,US,Lagos,10.0.0.1,10029,FALSE,TRUE,5023,FALSE
933,12,2024-01-01 15:32:00,881.03,USD,Electronics,1030,SG,Los Angeles,10.0.0.1,10072,FALSE,TRUE,5091,FALSE
934,90,2024-01-01 15:33:00,29.34,USD,Dining,1034,CA,Toronto,192.168.1.1,10030,TRUE,TRUE,5009,FALSE
935,46,2024-01-01 15:34:00,237.58,USD,Jewelry,1056,SG,Los Angeles,192.168.1.1,10041,TRUE,TRUE,5072,TRUE
936,34,2024-01-01 15:35:00,103.61,USD,Jewelry,1084,US,Los Angeles,8.8.8.8,10067,TRUE,FALSE,5076,TRUE
937,49,2024-01-01 15:36:00,111.79,USD,Grocery,1060,US,New York,8.8.8.8,10060,TRUE,TRUE,5047,FALSE
938,78,2024-01-01 15:37:00,252.88,EUR,Jewelry,1030,US,Los Angeles,172.16.0.5,10060,FALSE,TRUE,5034,FALSE
939,90,2024-01-01 15:38:00,235.81,EUR,Grocery,1082,US,Los Angeles,8.8.8.8,10069,TRUE,TRUE,5053,FALSE
940,45,2024-01-01 15:39:00,947.88,EUR,Dining,1094,CA,Toronto,192.168.1.1,10077,FALSE,TRUE,5086,FALSE
941,27,2024-01-01 15:40:00,27.48,USD,Dining,1052,SG,Toronto,192.168.1.1,10067,FALSE,TRUE,5080,FALSE
942,73,2024-01-01 15:41:00,21.99,USD,Dining,1031,CA,Singapore,192.168.1.1,10089,TRUE,TRUE,5070,TRUE
943,26,2024-01-01 15:42:00,257.72,USD,Travel,1065,NG,New York,10.0.0.1,10016,TRUE,TRUE,5015,FALSE
944,47,2024-01-01 15:43:00,172.73,EUR,Dining,1058,CA,Los Angeles,10.0.0.1,10018,TRUE,TRUE,5052,FALSE
945,86,2024-01-01 15:44:00,64.09,USD,Jewelry,1009,US,New York,8.8.8.8,10050,TRUE,TRUE,5039,FALSE
946,56,2024-01-01 15:45:00,16.55,USD,Electronics,1001,US,Lagos,172.16.0.5,10069,TRUE,TRUE,5099,FALSE
947,94,2024-01-01 15:46:00,17.91,USD,Grocery,1065,CA,Los Angeles,172.16.0.5,10062,TRUE,TRUE,5019,FALSE
948,63,2024-01-01 15:47:00,449.22,USD,Travel,1059,US,New York,172.16.0.5,10092,FALSE,TRUE,5087,FALSE
949,48,2024-01-01 15:48:00,42.61,USD,Dining,1087,US,Singapore,10.0.0.1,10074,TRUE,TRUE,5068,FALSE
950,61,2024-01-01 15:49:00,78.13,USD,Dining,1016,US,Singapore,192.168.1.1,10079,TRUE,TRUE,5044,FALSE
951,81,2024-01-01 15:50:00,51.41,EUR,Electronics,1095,SG,Los Angeles,192.168.1.1,10029,TRUE,TRUE,5005,FALSE
952,26,2024-01-01 15:51:00,87.7,USD,Electronics,1015,US,Lagos,10.0.0.1,10024,TRUE,TRUE,5091,FALSE
953,36,2024-01-01 15:52:00,14.39,USD,Travel,1015,SG,Singapore,172.16.0.5,10074,TRUE,TRUE,5068,FALSE
954,1,2024-01-01 15:53:00,146.4,USD,Grocery,1045,SG,Singapore,172.16.0.5,10070,FALSE,TRUE,5048,FALSE
955,8,2024-01-01 15:54:00,14,USD,Dining,1038,US,Lagos,8.8.8.8,10025,TRUE,TRUE,5038,FALSE
956,99,2024-01-01 15:55:00,322.24,USD,Travel,1030,US,New York,8.8.8.8,10055,TRUE,TRUE,5001,FALSE
957,52,2024-01-01 15:56:00,53.24,EUR,Jewelry,1087,US,Singapore,172.16.0.5,10021,TRUE,TRUE,5038,TRUE
958,79,2024-01-01 15:57:00,155.31,USD,Jewelry,1000,CA,Toronto,10.0.0.1,10088,TRUE,TRUE,5020,FALSE
959,47,2024-01-01 15:58:00,424.18,EUR,Travel,1010,CA,Moscow,172.16.0.5,10018,FALSE,TRUE,5039,FALSE
960,56,2024-01-01 15:59:00,210.47,USD,Dining,1084,NG,Moscow,8.8.8.8,10030,TRUE,TRUE,5081,FALSE
961,86,2024-01-01 16:00:00,152.27,USD,Travel,1003,US,Singapore,172.16.0.5,10025,FALSE,TRUE,5053,FALSE
962,14,2024-01-01 16:01:00,78.41,EUR,Dining,1070,US,New York,10.0.0.1,10041,TRUE,TRUE,5011,FALSE
963,90,2024-01-01 16:02:00,80.99,USD,Electronics,1025,US,New York,192.168.1.1,10040,TRUE,TRUE,5080,FALSE
964,28,2024-01-01 16:03:00,221.42,USD,Travel,1049,CA,Los Angeles,10.0.0.1,10099,TRUE,TRUE,5036,TRUE
965,87,2024-01-01 16:04:00,1027.9,USD,Dining,1011,US,Toronto,10.0.0.1,10022,TRUE,TRUE,5037,FALSE
966,78,2024-01-01 16:05:00,216.85,USD,Travel,1094,US,New York,8.8.8.8,10046,TRUE,TRUE,5014,FALSE
967,88,2024-01-01 16:06:00,163.19,EUR,Travel,1080,US,Lagos,10.0.0.1,10012,FALSE,TRUE,5006,FALSE
968,2,2024-01-01 16:07:00,262.35,USD,Dining,1096,US,Toronto,10.0.0.1,10088,TRUE,TRUE,5077,FALSE
969,26,2024-01-01 16:08:00,125.17,EUR,Dining,1074,US,Moscow,8.8.8.8,10065,TRUE,TRUE,5049,FALSE
970,14,2024-01-01 16:09:00,12.41,EUR,Grocery,1091,US,Toronto,8.8.8.8,10065,TRUE,TRUE,5064,FALSE
971,59,2024-01-01 16:10:00,165.24,USD,Travel,1095,US,Lagos,192.168.1.1,10015,TRUE,TRUE,5066,FALSE
972,56,2024-01-01 16:11:00,632.24,INR,Jewelry,1064,US,Singapore,172.16.0.5,10072,TRUE,TRUE,5043,FALSE
973,7,2024-01-01 16:12:00,38.55,USD,Travel,1046,CA,Lagos,10.0.0.1,10027,TRUE,TRUE,5030,FALSE
974,3,2024-01-01 16:13:00,234.24,INR,Travel,1091,SG,Lagos,8.8.8.8,10076,TRUE,TRUE,5042,FALSE
975,23,2024-01-01 16:14:00,44.86,USD,Dining,1052,US,Singapore,192.168.1.1,10034,TRUE,TRUE,5076,TRUE
976,18,2024-01-01 16:15:00,153.5,USD,Travel,1070,SG,Singapore,172.16.0.5,10040,TRUE,TRUE,5047,FALSE
977,38,2024-01-01 16:16:00,20.33,USD,Travel,1001,US,Singapore,8.8.8.8,10076,TRUE,TRUE,5081,TRUE
978,99,2024-01-01 16:17:00,119.7,USD,Jewelry,1023,US,Singapore,172.16.0.5,10030,TRUE,TRUE,5080,FALSE
979,15,2024-01-01 16:18:00,282.25,USD,Dining,1003,NG,Singapore,172.16.0.5,10084,TRUE,TRUE,5080,FALSE
980,64,2024-01-01 16:19:00,85.41,EUR,Travel,1018,CA,Lagos,10.0.0.1,10031,FALSE,TRUE,5060,FALSE
981,89,2024-01-01 16:20:00,218.67,USD,Electronics,1025,SG,Los Angeles,10.0.0.1,10053,TRUE,TRUE,5074,FALSE
982,28,2024-01-01 16:21:00,317.39,USD,Grocery,1074,US,Los Angeles,8.8.8.8,10097,TRUE,TRUE,5083,TRUE
983,74,2024-01-01 16:22:00,523.95,EUR,Jewelry,1039,US,New York,172.16.0.5,10071,TRUE,TRUE,5009,FALSE
984,39,2024-01-01 16:23:00,53.48,USD,Travel,1049,NG,Los Angeles,8.8.8.8,10058,TRUE,TRUE,5028,FALSE
985,57,2024-01-01 16:24:00,101.94,INR,Electronics,1042,US,Moscow,8.8.8.8,10040,FALSE,TRUE,5047,FALSE
986,17,2024-01-01 16:25:00,33.07,EUR,Travel,1074,US,Los Angeles,172.16.0.5,10065,TRUE,TRUE,5097,FALSE
987,86,2024-01-01 16:26:00,978.13,INR,Travel,1066,CA,Lagos,8.8.8.8,10095,FALSE,TRUE,5080,FALSE
988,90,2024-01-01 16:27:00,523.46,EUR,Dining,1011,SG,Singapore,172.16.0.5,10053,FALSE,TRUE,5061,FALSE
989,44,2024-01-01 16:28:00,155.29,USD,Dining,1066,NG,Singapore,172.16.0.5,10039,TRUE,TRUE,5012,FALSE
990,25,2024-01-01 16:29:00,369.07,USD,Dining,1026,US,Lagos,172.16.0.5,10027,TRUE,TRUE,5043,FALSE
991,17,2024-01-01 16:30:00,147.19,EUR,Electronics,1053,NG,Moscow,172.16.0.5,10036,TRUE,TRUE,5046,FALSE
992,13,2024-01-01 16:31:00,195.41,USD,Travel,1065,US,Los Angeles,192.168.1.1,10064,TRUE,TRUE,5063,FALSE
993,84,2024-01-01 16:32:00,18.67,USD,Grocery,1048,US,Lagos,172.16.0.5,10073,TRUE,TRUE,5090,FALSE
994,25,2024-01-01 16:33:00,281.52,USD,Jewelry,1015,CA,New York,10.0.0.1,10054,TRUE,TRUE,5052,FALSE
995,68,2024-01-01 16:34:00,27.33,INR,Dining,1001,US,Singapore,10.0.0.1,10003,TRUE,TRUE,5089,FALSE
996,10,2024-01-01 16:35:00,349.82,USD,Dining,1059,US,Toronto,10.0.0.1,10098,TRUE,TRUE,5091,TRUE
997,67,2024-01-01 16:36:00,304.68,USD,Travel,1053,CA,New York,172.16.0.5,10009,TRUE,TRUE,5076,FALSE
998,18,2024-01-01 16:37:00,246.71,USD,Travel,1029,US,Moscow,10.0.0.1,10046,FALSE,TRUE,5075,FALSE
999,100,2024-01-01 16:38:00,7.37,USD,Electronics,1083,US,New York,192.168.1.1,10074,TRUE,TRUE,5043,FALSE
1000,86,2024-01-01 16:39:00,72.23,USD,Electronics,1037,US,Lagos,8.8.8.8,10013,FALSE,TRUE,5027,FALSE
